id,text_raw,original_label,predicted_label,original_label_probability,label_quality_score,action,new_label,review_note
9713,Ngọc Trầm Thủy Thượng cay,gian_du,trung_tinh,0.036354337,0.10773638,keep,,Nội dung thể hiện cảm xúc phù hợp với nhãn gốc.
5019,Tàn canh chuyến này,that_vong,trung_tinh,0.026128367,0.110402375,keep,,Nội dung thể hiện cảm xúc phù hợp với nhãn gốc.
942,Nguyễn Hoàng Ngân thôi nhen,gian_du,trung_tinh,0.04719496,0.11426264,keep,,Nội dung thể hiện cảm xúc phù hợp với nhãn gốc.
6734,Trần Dinh Kini thì cũng tới đó vướng lại rồi đó,that_vong,trung_tinh,0.046016,0.11577839,keep,,Nội dung thể hiện cảm xúc phù hợp với nhãn gốc.
6527,điềm báo gì đây,lo_au,trung_tinh,0.02304529,0.12620044,keep,,Nội dung thể hiện cảm xúc phù hợp với nhãn gốc.
5134,liệu có bền lâu,lo_au,trung_tinh,0.03235541,0.13124534,keep,,Nội dung thể hiện cảm xúc phù hợp với nhãn gốc.
5928,lòng đường không phải nhà cụ nên cụ sai nhé . vỉa hè to vậy rồi cụ còn muốn như thế nào,gian_du,trung_tinh,0.03878579,0.15436807,keep,,Nội dung thể hiện cảm xúc phù hợp với nhãn gốc.
9059,"cái này gọi là truyền thống , không thể nói là quên được",buon,trung_tinh,0.015878757,0.17687798,keep,,Nội dung thể hiện cảm xúc phù hợp với nhãn gốc.
8460,Nguyen Huu Tai cả 2.. đều đỉnh,vui,trung_tinh,0.03539447,0.19214666,keep,,Nội dung thể hiện cảm xúc phù hợp với nhãn gốc.
3318,"trưa nay nhà em ăn cơm , admin nói với mấy chú truyền hình đừng chiếu tin này lên nha",gian_du,trung_tinh,0.045171686,0.19511613,keep,,Nội dung thể hiện cảm xúc phù hợp với nhãn gốc.
3695,Huỳnh Phương Linh sầu,buon,trung_tinh,0.032069247,0.21229935,keep,,Nội dung thể hiện cảm xúc phù hợp với nhãn gốc.
3553,Hân Ngọc Bảo Nguyễn thiệt luôn á .,that_vong,trung_tinh,0.03850844,0.21347386,keep,,Nội dung thể hiện cảm xúc phù hợp với nhãn gốc.
7218,Kim Ngân những thiên thần nhỏ và ÁC QUỶ,gian_du,trung_tinh,0.01832732,0.22101173,keep,,Nội dung thể hiện cảm xúc phù hợp với nhãn gốc.
6341,Trường Bino thiếu mợ chợ vẫn vui,hy_vong,trung_tinh,0.016948046,0.2656167,keep,,Nội dung thể hiện cảm xúc phù hợp với nhãn gốc.
9579,chắc phải 6 năm chưa nấu kiểu này rồi trước nấu hôm đầu cơm dẻo ai cũng khen ngon,vui,trung_tinh,0.03180615,0.27301842,keep,,Nội dung thể hiện cảm xúc phù hợp với nhãn gốc.
4758,tao đẹp trai vào trang tao mà coi đi,vui,trung_tinh,0.033574354,0.27687252,keep,,Nội dung thể hiện cảm xúc phù hợp với nhãn gốc.
3670,per tôi đợi ngày nhận thiệp cưới của ông,hy_vong,trung_tinh,0.015667977,0.29506022,keep,,Nội dung thể hiện cảm xúc phù hợp với nhãn gốc.
2691,chưa báo hiếu chame đk ngày nào,buon,trung_tinh,0.045072276,0.29515135,keep,,Nội dung thể hiện cảm xúc phù hợp với nhãn gốc.
864,"Tăng Ngọc bệnh mà, này đáng thương hơn là chế nhạo.",buon,trung_tinh,0.018336982,0.29865247,keep,,Nội dung thể hiện cảm xúc phù hợp với nhãn gốc.
7375,Myru Brett Nguyen no cũng chết,buon,trung_tinh,0.032936547,0.3001759,keep,,Nội dung thể hiện cảm xúc phù hợp với nhãn gốc.
2338,biết thế ngày xưa mua bitcoin 💀,buon,trung_tinh,0.044910416,0.30605108,keep,,Nội dung thể hiện cảm xúc phù hợp với nhãn gốc.
3299,per bữa cuối nó ngồi chỗ đó nhìn mà khóc còn cuối khoá thì bth,buon,trung_tinh,0.03565293,0.30733728,keep,,Nội dung thể hiện cảm xúc phù hợp với nhãn gốc.
6466,Lê Thảo đang yêu đời coi cho trầm cảm nè keo,buon,trung_tinh,0.024443533,0.3120618,keep,,Nội dung thể hiện cảm xúc phù hợp với nhãn gốc.
8540,hình như sau boss bị chết ạ,buon,trung_tinh,0.04427389,0.335059,keep,,Nội dung thể hiện cảm xúc phù hợp với nhãn gốc.
132,Coi đúng lúc ổng chết là bỏ phim Tới giờ,buon,trung_tinh,0.028410265,0.3353088,keep,,Nội dung thể hiện cảm xúc phù hợp với nhãn gốc.
9630,bạn trai thì chưa . nhưng mỗi lần thằng bạn nó cắt tóc cạo râu thì auto nhìn đẹp trai,vui,trung_tinh,0.044883694,0.3423536,keep,,Nội dung thể hiện cảm xúc phù hợp với nhãn gốc.
6503,"Thanh Trúc nhưng mà sướng mà em, có cái sướng nào không mất sức đâu",vui,trung_tinh,0.04672142,0.34673995,keep,,Nội dung thể hiện cảm xúc phù hợp với nhãn gốc.
1718,Quốc gia phục hồi nhanh nhất sau chiến tranh,hy_vong,trung_tinh,0.020331226,0.40729582,keep,,Nội dung thể hiện cảm xúc phù hợp với nhãn gốc.
462,Sơn Hoàng thế tiền tao đâu,gian_du,trung_tinh,0.06697806,0.13564047,keep,,Nội dung thể hiện cảm xúc phù hợp với nhãn gốc.
7987,Nguyễn Văn Hoàng fuckboi mà,gian_du,trung_tinh,0.055226095,0.13566846,keep,,Nội dung thể hiện cảm xúc phù hợp với nhãn gốc.
3739,Nguyễn Hoa giống bênh lx chổ vài trăm ra 5trieu,that_vong,trung_tinh,0.051912244,0.14294153,keep,,Nội dung thể hiện cảm xúc phù hợp với nhãn gốc.
8586,per cái đoạn vén tóc là quen lắm nhá . thích lém ý,hy_vong,trung_tinh,0.0706301,0.14739716,keep,,Nội dung thể hiện cảm xúc phù hợp với nhãn gốc.
4629,To Hoai Nguyen ốc uống trà sữa phải cẩn thận này mẹ,lo_au,trung_tinh,0.06715447,0.15313342,keep,,Nội dung thể hiện cảm xúc phù hợp với nhãn gốc.
6010,Bữa Lào mới tạch con y chag thì phải,that_vong,trung_tinh,0.052370574,0.15314296,keep,,Nội dung thể hiện cảm xúc phù hợp với nhãn gốc.
3030,Quan trọng là nó chưa biết mình sai ở đâu a à,that_vong,trung_tinh,0.058668464,0.16659713,keep,,Nội dung thể hiện cảm xúc phù hợp với nhãn gốc.
7339,thế mới bảo . chủ động riết rồi nó xem thường,that_vong,trung_tinh,0.061545257,0.17478415,keep,,Nội dung thể hiện cảm xúc phù hợp với nhãn gốc.
4569,chụp không biết bao nhiêu lần rồi,that_vong,trung_tinh,0.09531822,0.18111718,keep,,Nội dung thể hiện cảm xúc phù hợp với nhãn gốc.
7267,Hoang Mai Phuong Hoang Long Hoàng Việt tương lai cô ấy đấy,hy_vong,trung_tinh,0.078988895,0.1822027,keep,,Nội dung thể hiện cảm xúc phù hợp với nhãn gốc.
6726,Phong Nguyen con này để bay huấn luyện bay ra biển bảo vệ biển chưa đủ sức.,gian_du,trung_tinh,0.062184636,0.18859881,keep,,Nội dung thể hiện cảm xúc phù hợp với nhãn gốc.
6188,Tôi chỉ cần làn da đẹp,hy_vong,trung_tinh,0.10138817,0.19098994,keep,,Nội dung thể hiện cảm xúc phù hợp với nhãn gốc.
6161,đã bước thì bước tiếp thôi,hy_vong,trung_tinh,0.09736324,0.19168252,keep,,Nội dung thể hiện cảm xúc phù hợp với nhãn gốc.
2565,Jiso Nguyen thằng đó rồi. trc phải khoá trang cá nhân. trc nó chạy con pọt màu vàng,gian_du,trung_tinh,0.08498685,0.19187418,keep,,Nội dung thể hiện cảm xúc phù hợp với nhãn gốc.
1969,Đưa ng Việt nam qua thì đông vui thôi lo gì,hy_vong,trung_tinh,0.05663065,0.19519925,keep,,Nội dung thể hiện cảm xúc phù hợp với nhãn gốc.
3053,Nhục chưa,gian_du,trung_tinh,0.057960995,0.19808462,keep,,Nội dung thể hiện cảm xúc phù hợp với nhãn gốc.
4600,ai chả có nét đẹp riêng chỉ là bạn chưa biết khai thác nó đúng cách thoi,hy_vong,trung_tinh,0.065966636,0.21154803,keep,,Nội dung thể hiện cảm xúc phù hợp với nhãn gốc.
5429,"Nguyễn Quỳnh Chi ko rõ tâm tư, không thấu nổi hồng trần",that_vong,trung_tinh,0.09668287,0.22039843,keep,,Nội dung thể hiện cảm xúc phù hợp với nhãn gốc.
5675,Này lên phường tặng 2 quyển tập thì tuyệt,vui,trung_tinh,0.07381296,0.22122484,keep,,Nội dung thể hiện cảm xúc phù hợp với nhãn gốc.
5087,đúng là không thể chấp nhận được,gian_du,trung_tinh,0.06780905,0.2229937,keep,,Nội dung thể hiện cảm xúc phù hợp với nhãn gốc.
4884,Phan Thế Anh vì anh chơi chưa đủ liều đó ạ,that_vong,trung_tinh,0.06575203,0.22367474,keep,,Nội dung thể hiện cảm xúc phù hợp với nhãn gốc.
8761,đó căn bản chỉ là phép lịch sự tối thiếu thôi,that_vong,trung_tinh,0.07921068,0.22649351,keep,,Nội dung thể hiện cảm xúc phù hợp với nhãn gốc.
9183,per biết phân biệt phải trái không vậy ??? và có biết đỗ như thế nào là đúng luật không ???,gian_du,trung_tinh,0.103671186,0.23274985,keep,,Nội dung thể hiện cảm xúc phù hợp với nhãn gốc.
4504,tôi từng là lính lăng bác nên tôi hiểu tự hào dân tộc là gì,vui,trung_tinh,0.09920812,0.2334064,keep,,Nội dung thể hiện cảm xúc phù hợp với nhãn gốc.
1081,Đang trách nhất vẫn là cô và nhà trường,gian_du,trung_tinh,0.060502123,0.2371471,keep,,Nội dung thể hiện cảm xúc phù hợp với nhãn gốc.
4964,Biết bao giờ mới lành lại đây,that_vong,trung_tinh,0.11236436,0.23765525,keep,,Nội dung thể hiện cảm xúc phù hợp với nhãn gốc.
6427,bài nhạc khiến tôi mang nhiều suy tư,buon,trung_tinh,0.06253442,0.24084675,keep,,Nội dung thể hiện cảm xúc phù hợp với nhãn gốc.
5503,gặp đúng người thì sẽ nói rất nhiu,vui,trung_tinh,0.07010746,0.24085298,keep,,Nội dung thể hiện cảm xúc phù hợp với nhãn gốc.
1301,tam đảo trời đẹp các mem à,vui,trung_tinh,0.07565095,0.24714386,keep,,Nội dung thể hiện cảm xúc phù hợp với nhãn gốc.
4918,Linh Nguyễn Ngọc bạn mai mai sân si sâu bít rồi,gian_du,trung_tinh,0.16638942,0.2476635,keep,,Nội dung thể hiện cảm xúc phù hợp với nhãn gốc.
6023,"nhìn 1 cái , cười 1 cái rồi về thôi",vui,trung_tinh,0.08126845,0.25040382,keep,,Nội dung thể hiện cảm xúc phù hợp với nhãn gốc.
4690,Đức Hạnh con bồ cũng định đập tài xế đấy,gian_du,trung_tinh,0.14585964,0.25067666,keep,,Nội dung thể hiện cảm xúc phù hợp với nhãn gốc.
348,"Điện Thọai Hoàng Thông nó đi vission đổi gió thế thôi chứ nó có mấy chiếc porche, mẹc, audi đnag để ở nhà đó con.",gian_du,trung_tinh,0.13307238,0.25311413,keep,,Nội dung thể hiện cảm xúc phù hợp với nhãn gốc.
6815,đi ngoài đường trái phải còn không biết mà vẫn sống thì giỏi đấy nhỉ,gian_du,trung_tinh,0.056838468,0.2630949,keep,,Nội dung thể hiện cảm xúc phù hợp với nhãn gốc.
6295,Phan Hoa Trâm dì ruột của cháu viết c nầy. Thương cle đó,buon,trung_tinh,0.052741278,0.26480514,keep,,Nội dung thể hiện cảm xúc phù hợp với nhãn gốc.
7451,Cháu nó ở nhà ngoan lắm đây. rồi các cháu có thể học làm người bình thường được k,hy_vong,trung_tinh,0.063333295,0.26746202,keep,,Nội dung thể hiện cảm xúc phù hợp với nhãn gốc.
728,thành phần nào cũng có ăn hiếp con gái thua cả súc sinh,gian_du,trung_tinh,0.061147,0.27248245,keep,,Nội dung thể hiện cảm xúc phù hợp với nhãn gốc.
703,per ngồi ôm bụng cười và liên tưởng đến nhiều nhân vật,vui,trung_tinh,0.07767891,0.27619174,keep,,Nội dung thể hiện cảm xúc phù hợp với nhãn gốc.
9263,chưa bao giờ b đến đích là gì cả,that_vong,trung_tinh,0.1657688,0.27807307,keep,,Nội dung thể hiện cảm xúc phù hợp với nhãn gốc.
387,được đấy tao thích,vui,trung_tinh,0.13901597,0.27928752,keep,,Nội dung thể hiện cảm xúc phù hợp với nhãn gốc.
9584,"nhìn là biết sapa rồi , thế cũng đố",that_vong,trung_tinh,0.10339749,0.2810811,keep,,Nội dung thể hiện cảm xúc phù hợp với nhãn gốc.
778,Gặp đúng người sẽ nói chuyện rất nhìu,vui,trung_tinh,0.099388,0.2838725,keep,,Nội dung thể hiện cảm xúc phù hợp với nhãn gốc.
815,Le Tuan ko nhớ thì sẽ vài bé nữa như thế,lo_au,trung_tinh,0.057190772,0.28893524,keep,,Nội dung thể hiện cảm xúc phù hợp với nhãn gốc.
9539,4 năm tìm hiểu kh biết đánh lần nào chưa,that_vong,trung_tinh,0.1660569,0.2901008,keep,,Nội dung thể hiện cảm xúc phù hợp với nhãn gốc.
5803,chỉ có trong truyền thuyết . mà khái niệm truyền thuyết trong ngữ văn lớp 6 là không có thật,that_vong,trung_tinh,0.1431929,0.29254472,keep,,Nội dung thể hiện cảm xúc phù hợp với nhãn gốc.
3926,trời ơi tháng 6 tôi về nước bạn có liên hệ với tôi được không bạn bạn ơi,hy_vong,trung_tinh,0.20617633,0.2932127,keep,,Nội dung thể hiện cảm xúc phù hợp với nhãn gốc.
2792,Đang bế tắc thật,that_vong,trung_tinh,0.067033336,0.29447392,keep,,Nội dung thể hiện cảm xúc phù hợp với nhãn gốc.
9359,Không biết bé giờ sao rồi,buon,trung_tinh,0.09862175,0.29503918,keep,,Nội dung thể hiện cảm xúc phù hợp với nhãn gốc.
8757,Cha ông ta đi mở cõi đỉnh thật,vui,trung_tinh,0.11377205,0.2960221,keep,,Nội dung thể hiện cảm xúc phù hợp với nhãn gốc.
173,per đừng có mà thân thiết với tôi,gian_du,trung_tinh,0.07380109,0.2968362,keep,,Nội dung thể hiện cảm xúc phù hợp với nhãn gốc.
8926,1 đế chế tự vẽ sự thật thì nó chưa được 1/10,gian_du,trung_tinh,0.057038866,0.29730186,keep,,Nội dung thể hiện cảm xúc phù hợp với nhãn gốc.
9091,Ván 3 đanhs 1 hồi thua luôn,that_vong,trung_tinh,0.15999496,0.29817638,keep,,Nội dung thể hiện cảm xúc phù hợp với nhãn gốc.
6662,trời đánh tránh miếng ăn,that_vong,trung_tinh,0.14224674,0.3008654,keep,,Nội dung thể hiện cảm xúc phù hợp với nhãn gốc.
111,Nói là phục hồi sau chiến tranh thì đối với t chỉ có Việt Nam là nhanh nhất TG thế thôi,vui,trung_tinh,0.088982046,0.30179238,keep,,Nội dung thể hiện cảm xúc phù hợp với nhãn gốc.
2564,Nguyen thế mà xe xếp hàng để lên bà nà ấy bác,gian_du,trung_tinh,0.16230553,0.30202073,keep,,Nội dung thể hiện cảm xúc phù hợp với nhãn gốc.
3855,Thời mạt pháp,that_vong,trung_tinh,0.10799031,0.30511525,keep,,Nội dung thể hiện cảm xúc phù hợp với nhãn gốc.
369,làm đéo gì có ai nói chuyện thân thiết với tao đâu mà,gian_du,trung_tinh,0.15504405,0.31126857,keep,,Nội dung thể hiện cảm xúc phù hợp với nhãn gốc.
2049,Phan Thế Anh chơi đồ thì phải chết thôi chứ seo,that_vong,trung_tinh,0.087414496,0.31609118,keep,,Nội dung thể hiện cảm xúc phù hợp với nhãn gốc.
8257,Hồ Nguyễn Thông bất hiếu là tội lớn nhất của đời người đó,gian_du,trung_tinh,0.12282517,0.31691474,keep,,Nội dung thể hiện cảm xúc phù hợp với nhãn gốc.
4270,Theo điều ABC BLHS bạn có thể kiện dám lấy hình ảnh riêng tư phát tân trên mạng,gian_du,trung_tinh,0.07135725,0.31924453,keep,,Nội dung thể hiện cảm xúc phù hợp với nhãn gốc.
8710,Lễ Trần á lại cay,gian_du,trung_tinh,0.19901246,0.31934184,keep,,Nội dung thể hiện cảm xúc phù hợp với nhãn gốc.
7026,@ladycarecoin Đọc sách không thôi sẽ không phải là lối thoát. Áp dụng hành động sửa chữa những kiến thức từ sách mới thực sự là lối thoát,hy_vong,trung_tinh,0.18353403,0.32046375,keep,,Nội dung thể hiện cảm xúc phù hợp với nhãn gốc.
8858,thật ra nhiều lúc bị bố mẹ chửi không hiểu vì lí do gì và những câu chửi ấy có những từ không chấp nhận nổi,gian_du,trung_tinh,0.07195636,0.320835,keep,,Nội dung thể hiện cảm xúc phù hợp với nhãn gốc.
3519,Nguyễn Tuấn Kiệt ô là đọc ko kỹ rồi. Ở các điểm sạc của vin nó chỉ được sạc nhanh chứ k sạc được loại sạc chậm 11kw. Còn muốn sạc ở nhà thì mua riêng dây sạc khác giá từ 4-6tr là dùng bt điện lưới ở nhà chứ k cần 3 pha luôn,that_vong,trung_tinh,0.15336446,0.32166523,keep,,Nội dung thể hiện cảm xúc phù hợp với nhãn gốc.
9094,tận cùng của tan vỡ ah có biết là gì không ?,that_vong,trung_tinh,0.18319835,0.32342383,keep,,Nội dung thể hiện cảm xúc phù hợp với nhãn gốc.
6530,Trọng Anh Nguyễn làm đơn cho chúng nó đi hết đi a ạ,gian_du,trung_tinh,0.12957166,0.32354778,keep,,Nội dung thể hiện cảm xúc phù hợp với nhãn gốc.
2222,"A vision có mỗi cái nhà ở Hàng Điếu cho thuê, cũng chỉ đủ ăn qua ngày ý các bạn",that_vong,trung_tinh,0.09721055,0.32424054,keep,,Nội dung thể hiện cảm xúc phù hợp với nhãn gốc.
5594,mình làm ở sài gòn gặp nhiều bạn ở miền ngoài nhưng thích nghe nhất giọng ở phú yên nghe hay hay sau ah có ai vậy không,vui,trung_tinh,0.06967807,0.3258072,keep,,Nội dung thể hiện cảm xúc phù hợp với nhãn gốc.
7940,mấy kiếp tu luyện mà có 5 triệu thôi à ?,that_vong,trung_tinh,0.16619861,0.33343083,keep,,Nội dung thể hiện cảm xúc phù hợp với nhãn gốc.
2013,nghe có trà sữa là thích rồi,hy_vong,trung_tinh,0.08433745,0.33513838,keep,,Nội dung thể hiện cảm xúc phù hợp với nhãn gốc.
7303,ko hiểu sao lương cao thế nhỉ,gian_du,trung_tinh,0.11554252,0.33560738,keep,,Nội dung thể hiện cảm xúc phù hợp với nhãn gốc.
9943,đang họp nhớ gì không nhớ nhớ cái bếp,lo_au,trung_tinh,0.06547379,0.33684456,keep,,Nội dung thể hiện cảm xúc phù hợp với nhãn gốc.
397,cứ nghĩ đến chuyện ra trường thất nghiệp là rén ...,lo_au,trung_tinh,0.1025198,0.33690482,keep,,Nội dung thể hiện cảm xúc phù hợp với nhãn gốc.
5183,quen với quên rồi thì hết đau thôi mà,buon,trung_tinh,0.08323383,0.34086818,keep,,Nội dung thể hiện cảm xúc phù hợp với nhãn gốc.
73,Tôn Hoa Sen nên tìm hiểu những trường hợp này cầu mong cho clip này đến tới đó,hy_vong,trung_tinh,0.2599307,0.34302908,keep,,Nội dung thể hiện cảm xúc phù hợp với nhãn gốc.
8037,Npp Đèn Chung Huyền chán nhỉ như kiểu phong trào vậy,that_vong,trung_tinh,0.08511793,0.34342432,keep,,Nội dung thể hiện cảm xúc phù hợp với nhãn gốc.
137,mất tiền khôn cũng đáng mà .,that_vong,trung_tinh,0.15440843,0.3468275,keep,,Nội dung thể hiện cảm xúc phù hợp với nhãn gốc.
8336,Đánh mất giá trị của bản thân,buon,trung_tinh,0.08183217,0.3472945,keep,,Nội dung thể hiện cảm xúc phù hợp với nhãn gốc.
9009,Nguyễn Ngọc Annh kphai mỗi tui đâu nka,that_vong,trung_tinh,0.19733445,0.34989008,keep,,Nội dung thể hiện cảm xúc phù hợp với nhãn gốc.
385,thế chân ngắn như tao thì phải làm sao với cái cầu,that_vong,trung_tinh,0.19357423,0.352512,keep,,Nội dung thể hiện cảm xúc phù hợp với nhãn gốc.
6007,t nghĩ thợ chụp đéo có tâm bằng thợ make đăng và thợ photoshop đâu,that_vong,trung_tinh,0.13680087,0.35271594,keep,,Nội dung thể hiện cảm xúc phù hợp với nhãn gốc.
6796,93 thật sự gian nan,that_vong,trung_tinh,0.13490754,0.3530861,keep,,Nội dung thể hiện cảm xúc phù hợp với nhãn gốc.
2653,điên,gian_du,trung_tinh,0.08676645,0.35338748,keep,,Nội dung thể hiện cảm xúc phù hợp với nhãn gốc.
6868,ng dân biết phải làm sao bệnh chồng bệnh,that_vong,trung_tinh,0.17547818,0.3545367,keep,,Nội dung thể hiện cảm xúc phù hợp với nhãn gốc.
2511,Đợi chết mới truy tố hả gì,gian_du,trung_tinh,0.13413666,0.35454914,keep,,Nội dung thể hiện cảm xúc phù hợp với nhãn gốc.
7759,Mai Mai nhiều lúc nghĩ thế mà làm ko được,that_vong,trung_tinh,0.16795975,0.3603328,keep,,Nội dung thể hiện cảm xúc phù hợp với nhãn gốc.
8112,Điện Thọai Hoàng Thông xem thêm clip đi rồi phán. Dễ bị dắt mũi quá,gian_du,trung_tinh,0.18356471,0.36126676,keep,,Nội dung thể hiện cảm xúc phù hợp với nhãn gốc.
9395,Vũ Kim Anh mất mẹ tâm lý (,buon,trung_tinh,0.05006317,0.36140615,keep,,Nội dung thể hiện cảm xúc phù hợp với nhãn gốc.
3687,Đang 30t lun. 94 lận đận đủ thứ,that_vong,trung_tinh,0.17110161,0.36288914,keep,,Nội dung thể hiện cảm xúc phù hợp với nhãn gốc.
4343,Cuộc sống là một con đường với nhiều nẻo đường người thì chọn theo bản đồ mà người trước đưa người thì dùng kinh của bản thân để tìm ra con đường riêng nhưng khi chọn con đường nào chỉ cần hạnh phúc,hy_vong,trung_tinh,0.17398961,0.36321276,keep,,Nội dung thể hiện cảm xúc phù hợp với nhãn gốc.
7168,Nguyễn Hoàng Giang đúng kiểu thiếu hiểu biết nhưng lại thích thể hiện,gian_du,trung_tinh,0.22826472,0.36386865,keep,,Nội dung thể hiện cảm xúc phù hợp với nhãn gốc.
652,Ai bày cho Cháu câu nói giống người thế??,gian_du,trung_tinh,0.16922086,0.36471862,keep,,Nội dung thể hiện cảm xúc phù hợp với nhãn gốc.
7672,Lòng ng thật khốn nạn.,that_vong,trung_tinh,0.1333843,0.36494386,keep,,Nội dung thể hiện cảm xúc phù hợp với nhãn gốc.
3822,14 / 2 năm ngoái tao mọc sừng . nên 14 / 2 năm nay tao quyết định cưa sừng,buon,trung_tinh,0.050973866,0.36526743,keep,,Nội dung thể hiện cảm xúc phù hợp với nhãn gốc.
9716,súc vật là có thật .,gian_du,trung_tinh,0.14773338,0.36599314,keep,,Nội dung thể hiện cảm xúc phù hợp với nhãn gốc.
6939,per đã thích phá game còn thích hổ báo,gian_du,trung_tinh,0.17571981,0.36934015,keep,,Nội dung thể hiện cảm xúc phù hợp với nhãn gốc.
3851,Chẳng khi nào là đường 1 chiều cả. Muốn thay đổi thì ở tuổi nào cũng có thể rẽ được mà,hy_vong,trung_tinh,0.18094717,0.37023613,keep,,Nội dung thể hiện cảm xúc phù hợp với nhãn gốc.
3556,Ngọt ngào đến mấy cũng tan thành mây,that_vong,trung_tinh,0.18865101,0.37024936,keep,,Nội dung thể hiện cảm xúc phù hợp với nhãn gốc.
7800,Trần Nguyên coi nèeeee. Đi hoang sơ thích hơn,hy_vong,trung_tinh,0.1576072,0.37219507,keep,,Nội dung thể hiện cảm xúc phù hợp với nhãn gốc.
2191,phim này thật ra hay nhưng không có tính thực tế . không hay bằng truyện .,that_vong,trung_tinh,0.17549686,0.3751852,keep,,Nội dung thể hiện cảm xúc phù hợp với nhãn gốc.
5452,Nguyễn Sin a yên tâm đi đi e ỡ nhà e kiếm thằg khác ném đá tiếp,gian_du,trung_tinh,0.096475266,0.37524143,keep,,Nội dung thể hiện cảm xúc phù hợp với nhãn gốc.
6485,thói ích kỷ,gian_du,trung_tinh,0.1474341,0.37668067,keep,,Nội dung thể hiện cảm xúc phù hợp với nhãn gốc.
3849,Ai thích vẽ chân dung thì ib m nha,hy_vong,trung_tinh,0.18246461,0.37692457,keep,,Nội dung thể hiện cảm xúc phù hợp với nhãn gốc.
4649,chưa chi đã để thua từ hình ảnh này . thua,that_vong,trung_tinh,0.15373741,0.3799536,keep,,Nội dung thể hiện cảm xúc phù hợp với nhãn gốc.
1313,biết giả vẫn phải tạo,that_vong,trung_tinh,0.18716626,0.38103622,keep,,Nội dung thể hiện cảm xúc phù hợp với nhãn gốc.
4565,"Xuân Nghĩa chắc ý bạn là lấy con dao rạch 1 phát r cắm ống hút và tạo đường thở ạ. Mẹ là bs nhưng chuyên khoa nào, trong phim khác thực tế, lý thuyết khác thực hành. Đứng trong cương vị ng mẹ lúc đó đã làm hết khả năng của một ng mẹ một người bác sĩ r bạn ơi",gian_du,trung_tinh,0.096608356,0.38119155,keep,,Nội dung thể hiện cảm xúc phù hợp với nhãn gốc.
452,thế không đạt được gì à,that_vong,trung_tinh,0.19914402,0.38208672,keep,,Nội dung thể hiện cảm xúc phù hợp với nhãn gốc.
8129,Nhưng em trong đầu em nó là có nên làm không làm đi nhưng không dám,lo_au,trung_tinh,0.14179239,0.3836073,keep,,Nội dung thể hiện cảm xúc phù hợp với nhãn gốc.
7237,"vui nhất là câu "" lấy ghế ra ngồi nhìn """,vui,trung_tinh,0.21535748,0.38500345,keep,,Nội dung thể hiện cảm xúc phù hợp với nhãn gốc.
5660,per trình mày vẫn còn thấp chán,that_vong,trung_tinh,0.22750786,0.38530716,keep,,Nội dung thể hiện cảm xúc phù hợp với nhãn gốc.
699,Low Tech tui cũng drop walking dead sau khi Glenn chết.,that_vong,trung_tinh,0.13489586,0.3854434,keep,,Nội dung thể hiện cảm xúc phù hợp với nhãn gốc.
1440,Chúc mấy cô bảo mẫu có chuyến công tác tốt,hy_vong,trung_tinh,0.10934411,0.3871928,keep,,Nội dung thể hiện cảm xúc phù hợp với nhãn gốc.
3823,nấu thì nấu được mà không biết có ăn được hay không thôi,gian_du,trung_tinh,0.14194775,0.3888486,keep,,Nội dung thể hiện cảm xúc phù hợp với nhãn gốc.
3224,tôi đoán rằng ông này đã lấy vợ trước khi lên mặt trăng,vui,trung_tinh,0.09093825,0.38893443,keep,,Nội dung thể hiện cảm xúc phù hợp với nhãn gốc.
5607,tao thích con bé nuốt chuối,hy_vong,trung_tinh,0.15264836,0.38930148,keep,,Nội dung thể hiện cảm xúc phù hợp với nhãn gốc.
2623,Điệp Mlô ước đc như bạn,hy_vong,trung_tinh,0.1649634,0.38948482,keep,,Nội dung thể hiện cảm xúc phù hợp với nhãn gốc.
5113,Phú Quý sẽ là Phú Quốc thứ 2 trong tương lai,hy_vong,trung_tinh,0.19593622,0.38955444,keep,,Nội dung thể hiện cảm xúc phù hợp với nhãn gốc.
1457,"Đẹp trai. học giỏi , con nhà giàu có quyền lực....!",hy_vong,trung_tinh,0.09939472,0.39320838,keep,,Nội dung thể hiện cảm xúc phù hợp với nhãn gốc.
5969,ko biết có ai nghèo ko nhỉ chứ t ko có bn,buon,trung_tinh,0.107489906,0.39379936,keep,,Nội dung thể hiện cảm xúc phù hợp với nhãn gốc.
9022,Điều khiển ra khỏi KDC chỉ là truyền thuyết chứ sự cố kỹ thuật ko bay đc thì điều khiển bằng niềm tin à,that_vong,trung_tinh,0.1815023,0.39426693,keep,,Nội dung thể hiện cảm xúc phù hợp với nhãn gốc.
6923,vỡ tan là như thế ấy,that_vong,trung_tinh,0.17946047,0.39450547,keep,,Nội dung thể hiện cảm xúc phù hợp với nhãn gốc.
9454,Quốc Phong chuẩn.giàu thì thượng đẳng hơn ng khác à,gian_du,trung_tinh,0.23205791,0.39509082,keep,,Nội dung thể hiện cảm xúc phù hợp với nhãn gốc.
9968,Nguyen học nhiều để chết hay gì,that_vong,trung_tinh,0.19176355,0.39653426,keep,,Nội dung thể hiện cảm xúc phù hợp với nhãn gốc.
5768,"tại cái gậy thôi , còn đâu là vẫn đẹp",vui,trung_tinh,0.18716516,0.39701,keep,,Nội dung thể hiện cảm xúc phù hợp với nhãn gốc.
7205,loài vật đang dần dần có trí khôn và hành động như một con người còn một số người thì đang tiến hóa ngược,that_vong,trung_tinh,0.097094476,0.3971007,keep,,Nội dung thể hiện cảm xúc phù hợp với nhãn gốc.
1337,gia đình thì không còn . tình yêu thì chưa có gì chắc chắn .,that_vong,trung_tinh,0.23179314,0.39831346,keep,,Nội dung thể hiện cảm xúc phù hợp với nhãn gốc.
3930,haizzzz đó là 1 câu chuyện khá bùn,buon,trung_tinh,0.13740633,0.39853662,keep,,Nội dung thể hiện cảm xúc phù hợp với nhãn gốc.
9350,Đặng Huy tao mua ở quán chứ trộm cắp gì,gian_du,trung_tinh,0.28624317,0.39966357,keep,,Nội dung thể hiện cảm xúc phù hợp với nhãn gốc.
5424,Cảm động thật.,vui,trung_tinh,0.20459937,0.4001398,keep,,Nội dung thể hiện cảm xúc phù hợp với nhãn gốc.
1308,Phan Trí Luận phá tài sản và đã đền cho chủ rạp. Tài sản này của bên cho thuê phông bạt chứ k phải của nhà cô dâu,gian_du,trung_tinh,0.28351587,0.4010901,keep,,Nội dung thể hiện cảm xúc phù hợp với nhãn gốc.
4515,hè về chỉ thích ăn cái này .,hy_vong,trung_tinh,0.13664512,0.40237176,keep,,Nội dung thể hiện cảm xúc phù hợp với nhãn gốc.
9276,Đợt này thế giới sẽ chuyển trục. Bố cục thế giới lại thay đổi rồi. Chúc mừng Tân Tổng Thống.,hy_vong,trung_tinh,0.19581054,0.40253076,keep,,Nội dung thể hiện cảm xúc phù hợp với nhãn gốc.
4038,chơi thế không hay nha page dume,gian_du,trung_tinh,0.18316577,0.40375873,keep,,Nội dung thể hiện cảm xúc phù hợp với nhãn gốc.
1439,Võ Thị Mỹ Hằng trách nhiều nhất là GV chủ nhiệm kìa. Tại sao ko gọi PH khi thấy bé vắng? Cô có điểm danh ko?,gian_du,trung_tinh,0.259362,0.40429556,keep,,Nội dung thể hiện cảm xúc phù hợp với nhãn gốc.
8504,"em nói z thôi, chứ em cũng rén rồi",lo_au,trung_tinh,0.09922721,0.40819886,keep,,Nội dung thể hiện cảm xúc phù hợp với nhãn gốc.
2995,lâu lắm rồi chưa ăn được miếng cơm cháy .,that_vong,trung_tinh,0.27601707,0.408238,keep,,Nội dung thể hiện cảm xúc phù hợp với nhãn gốc.
6756,Nguyễn Sin khầy giải quyết chuyện này xong chưa khầy,gian_du,trung_tinh,0.16016784,0.40921658,keep,,Nội dung thể hiện cảm xúc phù hợp với nhãn gốc.
1649,Vân Nguyễn có bằng chứng ngoại tình thì tài sản phân chia về ông này hết đấy ạ.,gian_du,trung_tinh,0.27470425,0.409566,keep,,Nội dung thể hiện cảm xúc phù hợp với nhãn gốc.
9513,cho hết vào trường giáo dưỡng,gian_du,trung_tinh,0.1884786,0.41044703,keep,,Nội dung thể hiện cảm xúc phù hợp với nhãn gốc.
5044,"Giám đốc sở giao dục còn tham ô cho đầy túi tham, thì thời gian đâu nghĩ đến các sự nghiệp trồng người nữa anh.",gian_du,trung_tinh,0.18784864,0.41092515,keep,,Nội dung thể hiện cảm xúc phù hợp với nhãn gốc.
6238,vẫn ế bền vững,that_vong,trung_tinh,0.19321379,0.4113897,keep,,Nội dung thể hiện cảm xúc phù hợp với nhãn gốc.
6206,Bên mĩ thì 1 rưỡi sáng rồi theo g Washington nhưng mong kết quả giữ dc đến khi đếm đến những tấm phiếu muộn cuối cùng dc kiểm,hy_vong,trung_tinh,0.26585108,0.4118337,keep,,Nội dung thể hiện cảm xúc phù hợp với nhãn gốc.
8890,thì cứ cho nó đỗ xong bác gọi phường xuống giải quyết cho nó cẩu đi là xong,gian_du,trung_tinh,0.22346711,0.41215754,keep,,Nội dung thể hiện cảm xúc phù hợp với nhãn gốc.
9348,per ghét cái kiểu rõ ràng là chuyện của riêng 2 người vậy mà …,gian_du,trung_tinh,0.20826818,0.41362816,keep,,Nội dung thể hiện cảm xúc phù hợp với nhãn gốc.
8394,"Thôi, ít ra còn may mắn có 1 cuộc sống đẹp, ngoài kia còn nhiều người có 1 miếng bánh ăn còn vui mà",hy_vong,trung_tinh,0.2801015,0.41383323,keep,,Nội dung thể hiện cảm xúc phù hợp với nhãn gốc.
1155,Bạn Muốn Hẹn Hò? ng lớn họ đi xe khách chứ có điên nê làm v,gian_du,trung_tinh,0.33563572,0.41515428,keep,,Nội dung thể hiện cảm xúc phù hợp với nhãn gốc.
9904,Nguyen John Ko bao giờ. Bố là Tổng thống phe cộng hoà thì con ko đồng tính đâu,gian_du,trung_tinh,0.2485329,0.4155487,keep,,Nội dung thể hiện cảm xúc phù hợp với nhãn gốc.
2061,Top4 Châu Á cũng là lần đầu LOL ra mắt tại Á Vận Hội. Mong thể thao điện tử được công nhận và phát triển nhiều hơn.,hy_vong,trung_tinh,0.15240158,0.41684094,keep,,Nội dung thể hiện cảm xúc phù hợp với nhãn gốc.
3238,"yêu nhau lắm cắn nhau đau , tao thấy dòng chảy tiền kiếp của 2 đứa mày là vậy",buon,trung_tinh,0.08914673,0.41716224,keep,,Nội dung thể hiện cảm xúc phù hợp với nhãn gốc.
1839,"từ không tật nguyền , trở thành tật nguyền để nuôi mấy cái không đáng",gian_du,trung_tinh,0.15019926,0.4210428,keep,,Nội dung thể hiện cảm xúc phù hợp với nhãn gốc.
7825,chuẩn bị bước sang 31! phải thật vững bước nào các bạn tôi,hy_vong,trung_tinh,0.31553197,0.42346174,keep,,Nội dung thể hiện cảm xúc phù hợp với nhãn gốc.
1229,Ờ thì củng khóc théc,lo_au,trung_tinh,0.14856654,0.44621497,keep,,Nội dung thể hiện cảm xúc phù hợp với nhãn gốc.
