id,text_raw,original_label,predicted_label,original_label_probability,label_quality_score,action,new_label,review_note,n_words
9936,Trúc Phương Lê kiện thoi,vui,trung_tinh,0.032401983,0.12176564,change,gian_du,"Nội dung thể hiện rõ gian_du, không phù hợp nhãn gốc.",5
4331,bếp thiiêu chân mày,vui,trung_tinh,0.0370768,0.13893336,change,that_vong,"Nội dung thể hiện rõ that_vong, không phù hợp nhãn gốc.",4
4825,thiếu cà fe,hy_vong,trung_tinh,0.041783433,0.1497626,change,that_vong,"Nội dung thể hiện rõ that_vong, không phù hợp nhãn gốc.",3
3223,Kiện ccmnđ chứ,hy_vong,trung_tinh,0.039347865,0.32595587,change,gian_du,"Nội dung thể hiện rõ gian_du, không phù hợp nhãn gốc.",3
3702,và đó đéo phải là tao,buon,trung_tinh,0.045602523,0.32659635,change,gian_du,"Nội dung thể hiện rõ gian_du, không phù hợp nhãn gốc.",6
223,Đứng trước ngã rẽ của,lo_au,trung_tinh,0.036083024,0.3771696,change,hy_vong,"Nội dung thể hiện rõ hy_vong, không phù hợp nhãn gốc.",5
5413,hôm nay cậu thế nào,hy_vong,trung_tinh,0.09151224,0.1926451,change,that_vong,"Nội dung thể hiện rõ that_vong, không phù hợp nhãn gốc.",5
5041,Châu Hải Yến chính nó!!,vui,trung_tinh,0.06795206,0.20744216,change,that_vong,"Nội dung thể hiện rõ that_vong, không phù hợp nhãn gốc.",5
8039,per tiến cử bản thân nào,vui,trung_tinh,0.07677468,0.21215159,change,that_vong,"Nội dung thể hiện rõ that_vong, không phù hợp nhãn gốc.",6
88,Kiện đi bạn,hy_vong,trung_tinh,0.12560114,0.21946973,change,gian_du,"Nội dung thể hiện rõ gian_du, không phù hợp nhãn gốc.",3
9790,tiến lên(miền nam),hy_vong,trung_tinh,0.12353893,0.22473454,change,that_vong,"Nội dung thể hiện rõ that_vong, không phù hợp nhãn gốc.",3
2911,Phía trước toàn là bóng tối,buon,trung_tinh,0.074058555,0.23331752,change,hy_vong,"Nội dung thể hiện rõ hy_vong, không phù hợp nhãn gốc.",6
592,Chang Chang khiếp,lo_au,trung_tinh,0.103619285,0.23606008,change,that_vong,"Nội dung thể hiện rõ that_vong, không phù hợp nhãn gốc.",3
3931,ăn cả thế giới đã,hy_vong,trung_tinh,0.10004117,0.24599186,change,that_vong,"Nội dung thể hiện rõ that_vong, không phù hợp nhãn gốc.",5
9877,per ta nguyện nằm im,hy_vong,trung_tinh,0.06722999,0.3006791,change,gian_du,"Nội dung thể hiện rõ gian_du, không phù hợp nhãn gốc.",5
6207,Lắm thế,lo_au,trung_tinh,0.06906068,0.3254707,change,that_vong,"Nội dung thể hiện rõ that_vong, không phù hợp nhãn gốc.",2
5438,một cái tết nhiều tiền,hy_vong,trung_tinh,0.20483097,0.34088838,change,that_vong,"Nội dung thể hiện rõ that_vong, không phù hợp nhãn gốc.",5
5174,chả có gì vui,that_vong,trung_tinh,0.118059725,0.378576,change,vui,"Nội dung thể hiện rõ vui, không phù hợp nhãn gốc.",4
7821,làm lại từ đầu,buon,trung_tinh,0.14578107,0.38451797,change,hy_vong,"Nội dung thể hiện rõ hy_vong, không phù hợp nhãn gốc.",4
6818,fa đéo thích video này,gian_du,trung_tinh,0.14043696,0.3877518,change,vui,"Nội dung thể hiện rõ vui, không phù hợp nhãn gốc.",5
6041,thật ko thích bản thân mik,buon,trung_tinh,0.1550371,0.4074983,change,vui,"Nội dung thể hiện rõ vui, không phù hợp nhãn gốc.",6
3764,xấu còn đóng vai mất dạy,gian_du,trung_tinh,0.12768221,0.40856713,change,buon,"Nội dung thể hiện rõ buon, không phù hợp nhãn gốc.",6
