id,text_raw,original_label,predicted_label,chi_tiet_reason
4562,Hối hận rồi cũng chả giải quyết đc j,trung_tinh,buon,Giao tiếp/Trần thuật thông thường (General Neutral)
7793,k hối hận khi đã làm,trung_tinh,buon,Phủ định hối hận (Negated Regret)
7570,Tôi chưa bao gio cảm thấy hối hận,trung_tinh,buon,Giao tiếp/Trần thuật thông thường (General Neutral)
3249,trong đời người sướng nhất là không phải hối hận điều gì.,trung_tinh,buon,Phủ định hối hận (Negated Regret)
151,"@Hien2021 Những mảnh ghép của cuộc sống trải qua một sự thay đổi không ngừng, từ những lo lắng nhỏ bé của tuổi trẻ đến những nỗi sợ lớn hơn khi trưởng thành. Trên con đường của mỗi người, những mảnh vụn này kết hợp lại để tạo nên bức tranh phức tạp",trung_tinh,lo_au,Triết lý cuộc sống (Philosophy)
7233,một khi đã nghĩ thì ko bao giờ sai nên ko có gì mà phải hối hận,trung_tinh,buon,Giao tiếp/Trần thuật thông thường (General Neutral)
2077,Tôi đã xác định làm gì thì không bao giờ hối hận,trung_tinh,buon,Phủ định hối hận (Negated Regret)
866,Cuộc sống lúc vui lúc buồn mà,trung_tinh,buon,Triết lý cuộc sống (Philosophy)
5748,"Em thường hay ngủ khi buồn, stress<br>Nhưng có lúc ngủ dậy nhận tin buồn phiền nó buồn 1 cách tỉnh táo luôn",trung_tinh,buon,Giao tiếp/Trần thuật thông thường (General Neutral)
9379,các bạn đang bảo con này ah 😂😂😂,trung_tinh,vui,Có Icon cười xã giao (Social Icon)
9005,nhà tạp hoá đấy hả ... :)))),trung_tinh,vui,Có Icon cười xã giao (Social Icon)
4862,thứ ngăn cản bn ko phải là bài tập ng iu bn bè nhan sắc ng khác mà là những j mà bn sẽ lm bn chỉ sợ ngt nói trong khi thật ra họ quan tâm bn chỉ là bn sợ,trung_tinh,lo_au,Lời khuyên / Chia sẻ (Advice)
4808,Thật ra thuyết tiến hóa của Darwin vẫn chưa được các nhà khoa học hay tổ chức nào chứng minh nó tồn tại 100% nhưng vì từ lúc thuyết đó ra đời vẫn chưa có ai có bằng chứng để phủ nhận và cũng có vài điểm hợp lí nên vẫn giữ thuyết đó đến tận bây giờ và các nỗi sợ hay tật xấu được di truyền từ thời tiền sử đến tận bây giờ có thể chưa chính xác :),trung_tinh,lo_au,Triết lý cuộc sống (Philosophy)
4540,Huỳnh Kim Oanh ng chị hay hút trân châu😌,trung_tinh,vui,Giao tiếp/Trần thuật thông thường (General Neutral)
2075,yêuc nhau một cách tự do . tôn trọng sư riêng tư của nhau,trung_tinh,hy_vong,Giao tiếp/Trần thuật thông thường (General Neutral)
7173,lũ kiến ở nhà mày thích vậy .,trung_tinh,gian_du,Giao tiếp/Trần thuật thông thường (General Neutral)
717,tao đi xe máy mỗi lần muốn để xe đi đâu là phi mẹ nó vào quán net gửi đấy rồi đi ra đéo mất phí,trung_tinh,gian_du,Giao tiếp/Trần thuật thông thường (General Neutral)
3081,chủ tịch giả làm ăn xin và cái kết . đừng bao giờ coi thường người nghèo,trung_tinh,gian_du,Giao tiếp/Trần thuật thông thường (General Neutral)
7094,Content thôi :)),trung_tinh,vui,Có Icon cười xã giao (Social Icon)
5273,per vợ thích bếp ga mini hay loại bếp ga đôi nào 😂😂😂😂,trung_tinh,vui,Có Icon cười xã giao (Social Icon)
8028,"per haha nhiều tiền quá mang đây tao tiêu hộ cho , đóng thuế 10 củ phí quá =))",trung_tinh,vui,Có Icon cười xã giao (Social Icon)
7087,"per thì mấy ông nhậu bắt sạch , còn đâu mà phá hoại",trung_tinh,gian_du,Giao tiếp/Trần thuật thông thường (General Neutral)
3794,per nhớ thật sự,trung_tinh,buon,Giao tiếp/Trần thuật thông thường (General Neutral)
5303,Việt Nam cũng đang trên đường giông như Nhật… có khác gì đâu :)),trung_tinh,vui,Có Icon cười xã giao (Social Icon)
2391,Trà My chưa bị bế lên phường là chưa sợ mô...ae yên tâm 😼😼,trung_tinh,lo_au,Phủ định lo sợ (Negated Fear)
8244,bốc phốt khách thế không sợ mất khách à bác ??,trung_tinh,lo_au,Phủ định lo sợ (Negated Fear)
5760,con cái nhà ai mà bố mẹ chăm cho đẫy đà ngon ngọt thế,trung_tinh,gian_du,Giao tiếp/Trần thuật thông thường (General Neutral)
5519,lại cho lên chơi với các cụ 😌😌😌,trung_tinh,vui,Giao tiếp/Trần thuật thông thường (General Neutral)
7550,Đối với em thì cách để xả stress nhanh nhất là khóc <br>Khóc là thứ nhanh nhất để xả stress<br>Cứ để nó chảy theo dòng cảm xúc thôi☺☺,trung_tinh,hy_vong,Lời khuyên / Chia sẻ (Advice)
9956,thật ra mấy đứa bị chửi nhiều thế này ra đời lại biết cư xử hơn những đứa khác .,trung_tinh,gian_du,Giao tiếp/Trần thuật thông thường (General Neutral)
587,tại mình thử hết rồi :)) nên cậu nói thế thì mình bình luận thôi :)),trung_tinh,vui,Có Icon cười xã giao (Social Icon)
10033,Ai thắng cũng dc nhưng Trump thì oke hihi,trung_tinh,hy_vong,Giao tiếp/Trần thuật thông thường (General Neutral)
1944,Thời ấy nước nào có dân số đông thì nước ấy mạnh.Quân đội chủ yếu là dùng số đông đánh số ít.mà dân đông thì quân đội đông😊,trung_tinh,hy_vong,Giao tiếp/Trần thuật thông thường (General Neutral)
7885,Cuộc Sống Thường Ngày 🍀🍀🍀🍀🍀🍀🍀🍀🍀🍀🍀,trung_tinh,hy_vong,Triết lý cuộc sống (Philosophy)
1863,Chuẩn bị😁,trung_tinh,vui,Có Icon cười xã giao (Social Icon)
6092,"mình đã xem rất nhiều video như này rồi , nên thấy cũng bình thường =)))",trung_tinh,vui,Có Icon cười xã giao (Social Icon)
4734,Chiều cao quan trọng hơn nhan sắc ( đối vs con trai 😌 ),trung_tinh,vui,Giao tiếp/Trần thuật thông thường (General Neutral)
3729,Nếu gặp trường hợp như vậy mình cũng sẽ như ad…,trung_tinh,hy_vong,Giao tiếp/Trần thuật thông thường (General Neutral)
9448,đăng khoa lê lò dầu của mẹ nè anh 😘😘😘,trung_tinh,vui,Giao tiếp/Trần thuật thông thường (General Neutral)
5742,Nguyễn Đạt đơn hàng lớn gần 1 triệu thì phải cẩn thận thôi. Đó là luật chơi. Ko chơi được thì chịu thiệt.,trung_tinh,gian_du,Giao tiếp/Trần thuật thông thường (General Neutral)
5029,"Đặng Bạch Phát bạn phải đặt mình vào hoàn cảnh của Walt thì mới biết đc, Jane lấy tiền r còn có ý định đe doạ tố ổng bán mai thúy, con thì mới đc sinh lỡ đi tù thì đi toi nên ổng để Jane ch*t là điều ai cx có thể đoán đc.",trung_tinh,gian_du,Lời khuyên / Chia sẻ (Advice)
9569,"toan cao lại nữa , tao dg suy nghĩ có nên đi bằng grap về không",trung_tinh,lo_au,Giao tiếp/Trần thuật thông thường (General Neutral)
2105,cắt như anh này gọn gàng thoáng mát nhé auto đẹp trai,trung_tinh,vui,Giao tiếp/Trần thuật thông thường (General Neutral)
8382,bếp dầu lại nhớ thời sinh viên,trung_tinh,buon,Giao tiếp/Trần thuật thông thường (General Neutral)
9018,"còn những người bình thường rất dữ , thật ra họ hiền lắm , nội tâm lắm",trung_tinh,buon,Giao tiếp/Trần thuật thông thường (General Neutral)
6122,Nhớ đời lun,trung_tinh,buon,Giao tiếp/Trần thuật thông thường (General Neutral)
227,chưa 1 lần vấn vương thời c3 =)),trung_tinh,vui,Có Icon cười xã giao (Social Icon)
6900,tao nấu củi chưa nấu bằng rơm bao giờ 😪,trung_tinh,that_vong,Giao tiếp/Trần thuật thông thường (General Neutral)
96,cuộc sống của mỗi con người đã được quyết định sẵn nên dù bản thân có bước đúng hay sai thì cũng cố mỉm cười trước cánh cửa số phận,trung_tinh,hy_vong,Triết lý cuộc sống (Philosophy)
2311,"bị đánh 1 lần thì hơi sốc , nhưng nhiều lần thì tâm hồn sẽ trở nên mạnh mẽ , cảm xúc nó mới đàn hồi",trung_tinh,hy_vong,Giao tiếp/Trần thuật thông thường (General Neutral)
5333,Hải Lan Thì tui đang rảnh mà:))).Thấy spam nhiều nên cmt thui:)),trung_tinh,vui,Có Icon cười xã giao (Social Icon)
9226,"Em thích khóc một mình lúc tắm lắm vì như vậy không ai biết mình khóc và mình cũng có thể khóc nhiều hơn khóc ra tiếng mà không ai biết. Tắm xong , khóc xong rồi đi ngủ. Rồi một ngày mới bắt đầu, một cơ hội nữa dành cho mình tiếp tục cố gắng hoặc có thể khóc nữa. =))",trung_tinh,hy_vong,Có Icon cười xã giao (Social Icon)
2043,@Gia Đạt là hối hận dữ chuauw,trung_tinh,buon,Giao tiếp/Trần thuật thông thường (General Neutral)
8682,cai lo xô tôi đang xài mỗi ngày,trung_tinh,lo_au,Giao tiếp/Trần thuật thông thường (General Neutral)
8946,giữa dòng đời này chắc mỗi mình mình xin list nhạc :3,trung_tinh,hy_vong,Giao tiếp/Trần thuật thông thường (General Neutral)
8458,mỗi năm cũng xem lại đôi lần,trung_tinh,buon,Giao tiếp/Trần thuật thông thường (General Neutral)
308,"Trên 30 chenh vênh là do đoạn 2x ko cbi, bạn nào lỡ rồi thì thôi, hoan hỉ cố gắng lại, tầm này r ko than vãn ra tiền dc đâu 🥵🥵🥵",trung_tinh,hy_vong,Giao tiếp/Trần thuật thông thường (General Neutral)
3754,Trần Dinh Kini nãy nó quay qua nhìn kini nên leo dc. Giờ nó nhìn thẳng thì hết leo..,trung_tinh,lo_au,Giao tiếp/Trần thuật thông thường (General Neutral)
6872,Tôi lại tìm đến wed 5 ngày,trung_tinh,buon,Giao tiếp/Trần thuật thông thường (General Neutral)
7671,sao đúng bài mày kết vậy 🙁🙁🙁,trung_tinh,that_vong,Giao tiếp/Trần thuật thông thường (General Neutral)
8273,thanh xuân là để bỏ lỡ 😔,trung_tinh,buon,Có Icon buồn nhẹ (Social Icon)
3845,"Minh Hồng bình thường, hiểu kiểu moi móc thì nó k ra gì, còn lại vẫn dạy",trung_tinh,gian_du,Giao tiếp/Trần thuật thông thường (General Neutral)
5482,"Đang lướt tik tok, chuyển sang fb đọc được bài này cái suy ngang",trung_tinh,lo_au,Giao tiếp/Trần thuật thông thường (General Neutral)
8457,"Trang Khổng Mỹ phóng sinh thì có phước của ng phóng sinh. Bắt chim thì chịu nghiệp của việc bắt chim. Cũng như cứu gia tiên khỏi địa ngục, nếu nghĩ cứu ra rồi họ lại đầu thai làm kiếp trâu ngựa hay làm người bần cùng đau khổ mà k cứu thì còn ai tu còn ai tạo phước nữa.",trung_tinh,gian_du,Giao tiếp/Trần thuật thông thường (General Neutral)
4560,"mày vã quá rồi đấy , sang lên chứ 🙄",trung_tinh,gian_du,Giao tiếp/Trần thuật thông thường (General Neutral)
8303,per đợt này tao đi học full . nên để mấy hnua rảnh tao alo nha 😂😂,trung_tinh,vui,Có Icon cười xã giao (Social Icon)
1430,Chắc lúc xuông xe bé ngủ quên trên ghế quá.,trung_tinh,lo_au,Giao tiếp/Trần thuật thông thường (General Neutral)
1975,Bà con chung xóm mà xích mích thì mệt. May mắn hiện nay chưa có hàng xóm. Yên ổn chút,trung_tinh,that_vong,Giao tiếp/Trần thuật thông thường (General Neutral)
4463,đợi đến ngày họp lớp đi 😪,trung_tinh,that_vong,Giao tiếp/Trần thuật thông thường (General Neutral)
726,per ôi cái bếp một thời chinh chiến,trung_tinh,vui,Giao tiếp/Trần thuật thông thường (General Neutral)
5309,@CYRUS EDIT🎬🎮 anh em👍😉,trung_tinh,hy_vong,Giao tiếp/Trần thuật thông thường (General Neutral)
123,huhu nó bị điên à ?,trung_tinh,lo_au,Có Icon buồn nhẹ (Social Icon)
4457,"Đăng Thắng tùy mỗi người còn mình vẫn ý chí ko bao giờ đi đánh ghen, ko bao giờ muốn tha thứ,1 khi đàn ông họ hết thương mình thì đi đánh ghen làm chi cho mệt",trung_tinh,gian_du,Giao tiếp/Trần thuật thông thường (General Neutral)
1997,chảy cả nói chuyện mắt,trung_tinh,buon,Giao tiếp/Trần thuật thông thường (General Neutral)
1349,"xưa trồng mới có trái nay. xem đời này, biết đời trước. xem giờ sống sao, ắt biết đời sau. anh, chị thông cảm nha, thấy sao nói vậy.....",trung_tinh,that_vong,Giao tiếp/Trần thuật thông thường (General Neutral)
8275,Tại con Jane nó hù ổng trước.,trung_tinh,lo_au,Giao tiếp/Trần thuật thông thường (General Neutral)
5070,No biết sắp bị đón dot,trung_tinh,lo_au,Giao tiếp/Trần thuật thông thường (General Neutral)
9293,"Hà Mã Đây khum, tui không thấy nó nó không thấy tui 😏💅",trung_tinh,gian_du,Giao tiếp/Trần thuật thông thường (General Neutral)
131,Chung thủy là đạo đức. Ko phải tính cách. Mọi người nhớ nhé ☺,trung_tinh,vui,Giao tiếp/Trần thuật thông thường (General Neutral)
7751,tôi có xem tử vi giờ ngày tháng năm sinh âm lịch ..cung mệnh can chi ngũ hành vk Ck ..năm kết hôn ..gia cảnh và ngoại hình người hôn phối..bàn tay ..,trung_tinh,that_vong,Giao tiếp/Trần thuật thông thường (General Neutral)
1843,mình hỏi rồi mà họ nữa muốn bán nữa không bạn để hôm sau lên hỏi lại lần nữa,trung_tinh,buon,Giao tiếp/Trần thuật thông thường (General Neutral)
6282,Giống như trường hợp bộ phim Hãy nói lời yêu thương. Bà mẹ áp lực cho con quá nên thằng bé tự vẫn .,trung_tinh,buon,Giao tiếp/Trần thuật thông thường (General Neutral)
9139,"""Lời khuyên hay đó. Nhưng khổ nỗi cuộc đời này lời khuyên thật sự k có ý nghĩa gì cho lắm. Bạn sẽ không biết nó như thế nào cho tới khi bạn đích thân trải nghiệm...""",trung_tinh,buon,Giao tiếp/Trần thuật thông thường (General Neutral)
2417,"Mình đã gặp 1 bạn k có nhan sắc nên chỉ dám đeo khẩu trang,ai kêu cũng k mở,cũng 3 năm r,cho tới lúc cô kêu mở,bạn ấy chạy ra khỏi cửa nhưng bị cô ép mở ra……",trung_tinh,buon,Giao tiếp/Trần thuật thông thường (General Neutral)
4225,hôm nay ol đến đây thôi dume 😑,trung_tinh,that_vong,Giao tiếp/Trần thuật thông thường (General Neutral)
3662,"ai cũng có một vài khuyết điểm, bạn càng tự ti ngkh càng biết cách làm tổn thương bạn",trung_tinh,buon,Giao tiếp/Trần thuật thông thường (General Neutral)
2840,Mẹ vội quá đây mà,trung_tinh,buon,Giao tiếp/Trần thuật thông thường (General Neutral)
1270,Rụt rè xuất phát từ sự tự ti. Vậy điều gì làm bạn tự ti thì đi giải quyết chúng.,trung_tinh,buon,Giao tiếp/Trần thuật thông thường (General Neutral)
8213,"Hồi xưa mình học lớp nhà lá, lúc mưa cả lớp vội cất sách vào túi bóng với ngăn bàn vì mái nhà dột khắp nơi",trung_tinh,buon,Giao tiếp/Trần thuật thông thường (General Neutral)
7050,t chưa bh hối hận về những j t chọn làm t làm,trung_tinh,buon,Giao tiếp/Trần thuật thông thường (General Neutral)
3187,"mình có nghe được một câu nói ""nếu như có một cô gái xinh đẹp tự ti thì là do quá khứ họ bị chê bai quá nhiều."" dù rằng ngoại hình thay đổi, nhưng những vết xước đó chẳng thể nhòa dc",trung_tinh,buon,Giao tiếp/Trần thuật thông thường (General Neutral)
7577,T mà thân vs ai t nói hơn cái máy còn k thân nch kiểu ngượng lém,trung_tinh,gian_du,Giao tiếp/Trần thuật thông thường (General Neutral)
8694,may cho mày con nhà gia đình khá . chứ nghèo như tao khổ rồi .??,trung_tinh,gian_du,Giao tiếp/Trần thuật thông thường (General Neutral)
5096,kết cái bài hát thôi mà lâu lắm r k nghe quên mất tên bài hát r,trung_tinh,buon,Giao tiếp/Trần thuật thông thường (General Neutral)
2082,Lê Tuệ Mỹ 🤡😌🤧 gòy xong,trung_tinh,buon,Giao tiếp/Trần thuật thông thường (General Neutral)
2946,per dạo này ít tung tăng hơn xưa nên hơi trầm cảm dồi chăng 😳,trung_tinh,lo_au,Giao tiếp/Trần thuật thông thường (General Neutral)
8397,đã là đàn ông dù thất bại cuộc sống bế tắc tuyệt vọng nhưng đã làm thì không hối hận.,trung_tinh,buon,Phủ định hối hận (Negated Regret)
7850,Đến một cái thời điểm như mình thì sẽ không còn nghĩ đến cái gọi là hối hận nữa 🙂,trung_tinh,buon,Giao tiếp/Trần thuật thông thường (General Neutral)
8668,Nam Thanh coi chán kh cơ chứ,trung_tinh,gian_du,Giao tiếp/Trần thuật thông thường (General Neutral)
6420,Pha này w.wihte có thể cứu jane nhưng ko cứu.mãi cuối fim mới kể,trung_tinh,that_vong,Giao tiếp/Trần thuật thông thường (General Neutral)
8617,cố gắng đi gần người ta 1 xíu . rồi lướt qua nhau như 1 cơn gió,trung_tinh,that_vong,Giao tiếp/Trần thuật thông thường (General Neutral)
1670,"chào em cô gái tháng 10 , em là nắng ấm giữa trời mùa thu ...",trung_tinh,buon,Giao tiếp/Trần thuật thông thường (General Neutral)
271,về vườn rồi sớm quá,trung_tinh,that_vong,Giao tiếp/Trần thuật thông thường (General Neutral)
3652,mặt con ngáo còn hiền hơn con đứng trên cây cột,trung_tinh,buon,Giao tiếp/Trần thuật thông thường (General Neutral)
9649,"Ko có ngại, tại chx bắt đc mạng…😇",trung_tinh,lo_au,Giao tiếp/Trần thuật thông thường (General Neutral)
7463,mày nhớ đặt bạn ý cho những lần gọi sau nhé !,trung_tinh,hy_vong,Giao tiếp/Trần thuật thông thường (General Neutral)
4958,bọn chủ tịch đến chưa chúng mày ?,trung_tinh,gian_du,Giao tiếp/Trần thuật thông thường (General Neutral)
8502,cuộc chiến đấu vẫn còn tiếp diễn,trung_tinh,hy_vong,Giao tiếp/Trần thuật thông thường (General Neutral)
4689,Trần Tiên chac dzay qua kkkk,trung_tinh,vui,Giao tiếp/Trần thuật thông thường (General Neutral)
3038,"Mạnh mẽ có nhiều cách để hiểu. Đôi khi là mạnh mẽ che giấu cảm xúc của mình, hoặc mạnh mẽ thể hiện cảm xúc của mình. Cũng tùy vao trường hợp, có những người chúng ta sẽ lựa chọn mạnh mẽ theo cách thứ nhất ( có lẽ là những mối quan hệ xã hội không quá quan trọng ), còn có những người chúng ta sẽ lựa chọn mạnh mẽ theo cách thứ 2 ( những người thân, hoặc những người quan trọng )",trung_tinh,hy_vong,Triết lý cuộc sống (Philosophy)
4636,Cris Minh Algeria nó theo đạo hồi. Ko đc chuyển giới. Nhiều người là nữ nhưng vẫn tiết nhiều Tetosteron hơn bình thường. Cơ bắp sẽ phát triển mạnh hơn,trung_tinh,hy_vong,Giao tiếp/Trần thuật thông thường (General Neutral)
9810,Chuyện của Hà Nội nhất định phải thế,trung_tinh,vui,Giao tiếp/Trần thuật thông thường (General Neutral)
10112,Bt là có thể gọn 1 chút chải chuốt thì bản thân sẽ đẹp hơn nhưng việc để 1 quả đầu xù ko quan tâm j và cứ sống bth nó thoải mái,trung_tinh,hy_vong,Giao tiếp/Trần thuật thông thường (General Neutral)
8915,cảm thấy nhột đít,trung_tinh,vui,Giao tiếp/Trần thuật thông thường (General Neutral)
6395,cậu lái xe nói chưa thấy sai gì . ?? đỗ dưới đường chứ có đỗ vào phòng khách nhà mình đâu mà kêu .,trung_tinh,gian_du,Giao tiếp/Trần thuật thông thường (General Neutral)
5954,Thanh Trúc thế a sẽ cho em được mất sức nếu em muốn biết nè.,trung_tinh,hy_vong,Giao tiếp/Trần thuật thông thường (General Neutral)
7342,"Lê Kim Thoa Với các phụ huynh cũng lưu ý, trường tư chắc có lắp cam, có thời gian rảnh chút thì nhìn qua cam lúc đầu giờ sáng, nhìn thấy con thì sẽ yên tâm hơn ạ! Đặc biệt những gia đình cho cháu đi học bằng xe đưa đón!",trung_tinh,hy_vong,Giao tiếp/Trần thuật thông thường (General Neutral)
9573,bạn nào cần bạn thân là con trai không :)),trung_tinh,vui,Có Icon cười xã giao (Social Icon)
7994,Chơi thì chịu chứ có đánh phạm loi đâu mà trách với móc,trung_tinh,gian_du,Giao tiếp/Trần thuật thông thường (General Neutral)
9455,Chào thầy thầy,trung_tinh,vui,Giao tiếp/Trần thuật thông thường (General Neutral)
8579,"Cách trở nên tự tin trong mọi việc . <br>- Có nhiều việc trong cuộc sống này mà bản thân khó đưa ra được những quyết định và phần lớn cũng đến từ sự tự ti , rụt rè , đăn đo không biết có nên làm hay không những câu hỏi đó sẽ luôn chạy trong đầu chúng ta gây cho và không thể đưa ra quyết định thì gây cho chúng ta cảm giác áp lực rồi sẽ tự ti . Dưới đây sẽ là những cách giúp chúng ta tự tin hơn và ra được những quyết định đúng đắn . <br>1 . Hiểu rõ vai trò và quyền lợi của mình trong một môi trường hay công việc nào đó .<br>2 . Hỏi . <br>3 . Quan sát và xác nhận . <br>4 . Đừng cố vượt qua sự rụt rè . <br>- Cảm ơn anh Khương về những bài học này ý nghĩa này . 😍",trung_tinh,hy_vong,Triết lý cuộc sống (Philosophy)
5173,Khi đó Đại việt bị bên bắc chèn chép k cho phát triển mạnh nêu không chưa chắc Campuchia thời đó rộng ngư vậy,trung_tinh,gian_du,Giao tiếp/Trần thuật thông thường (General Neutral)
6240,Nửa năm học ở mái trường ntn :))),trung_tinh,vui,Có Icon cười xã giao (Social Icon)
320,ChiChi Bunnie Camera dạng này có thể mạnh hơn thái giám. Vì thái giám bị mất trứng không thể tiết được hóc môn được. Nam giới quan trọng trứng hơn vòi.,trung_tinh,hy_vong,Giao tiếp/Trần thuật thông thường (General Neutral)
1687,Muốn trải nghiệm cảm giác này bạn nên ngủ lúc 5h chiều và tỉnh lúc 7 8h bạn sẽ cảm nhận được như thể mình thức dậy ở 1 thế giới khác,trung_tinh,hy_vong,Lời khuyên / Chia sẻ (Advice)
5711,@nangoc84 Cuộc sống là 1 vòng luẩn quẩn,trung_tinh,hy_vong,Triết lý cuộc sống (Philosophy)
6566,ủa ? chọn người nào cũng như nhau thôi . vì cả 2 người chắc đéo gì đã thích bạn đâu ? :)),trung_tinh,vui,Có Icon cười xã giao (Social Icon)
4875,nhớ lại ngày xưa,trung_tinh,buon,Giao tiếp/Trần thuật thông thường (General Neutral)
8811,tất cả cùng không tính điểm . thế là xong :v,trung_tinh,vui,Có Icon cười xã giao (Social Icon)
1974,vô diện,trung_tinh,gian_du,Giao tiếp/Trần thuật thông thường (General Neutral)
9279,Lê Thị Cẩm Tú con mình mình tự đặt cho chắc hậy,trung_tinh,hy_vong,Giao tiếp/Trần thuật thông thường (General Neutral)
5922,ngày xưa mừn cũng hay thế lắm .,trung_tinh,vui,Giao tiếp/Trần thuật thông thường (General Neutral)
1454,"chạy tới đưa đồ cho nó , trượt chân té sấp mặt luôn",trung_tinh,lo_au,Giao tiếp/Trần thuật thông thường (General Neutral)
7698,Trà My lạo nhứt đội 4 đó à văn thơ k ai qua,trung_tinh,gian_du,Giao tiếp/Trần thuật thông thường (General Neutral)
4342,per : để tao xem chúng mày hạnh phúc được bao lâu 😌,trung_tinh,hy_vong,Giao tiếp/Trần thuật thông thường (General Neutral)
7588,1 hình này thấy từ sáng đến giờ trên mấy page rồi 😑😑,trung_tinh,that_vong,Giao tiếp/Trần thuật thông thường (General Neutral)
2533,chắc chắn bố của bạn này là một người vui tính chứ không phải khó tính . khiếu khôi hài bạn ấy ảnh hưởng từ bố .,trung_tinh,gian_du,Giao tiếp/Trần thuật thông thường (General Neutral)
8388,em là trẻ con cưng chiều và khi a ta gẫy nên e sẽ bỏ hắn đi theo thằng khác hoặc nhanh nhanh cặp bồ hoặc ly dị chia gấp tài sản để dc sống trẻ con,trung_tinh,hy_vong,Giao tiếp/Trần thuật thông thường (General Neutral)
3594,Thường gặp mấy đứa trẻ như này mình chỉ cho ăn cho uống chứ không cho tiền.,trung_tinh,gian_du,Giao tiếp/Trần thuật thông thường (General Neutral)
4642,bạn thân t nhưng cx vì thế lên mới chơi với nhau,trung_tinh,buon,Giao tiếp/Trần thuật thông thường (General Neutral)
1283,"Quân Ngô lúc dạy học thì tình cảm đi xuống, dạy xong tình cảm đi lên :>",trung_tinh,hy_vong,Giao tiếp/Trần thuật thông thường (General Neutral)
7268,ướp đông lạnh luôn à,trung_tinh,gian_du,Giao tiếp/Trần thuật thông thường (General Neutral)
9283,"Thôi, kiếm tiền mà sống đi :))",trung_tinh,vui,Có Icon cười xã giao (Social Icon)
8264,"Không giúp gì được cho họ thì xem cứ lướt qua đừng nặng lời với họ , vì mình ko ở trong hoàn cảnh của họ nên đừng phát xét điều gì là tạo Phước lắm rồi ạ",trung_tinh,hy_vong,Giao tiếp/Trần thuật thông thường (General Neutral)
9906,thằng này đi sing học luật hay sao mà viết hay quá vậy ?,trung_tinh,gian_du,Giao tiếp/Trần thuật thông thường (General Neutral)
3887,Vàng giả cũng không hít,trung_tinh,gian_du,Giao tiếp/Trần thuật thông thường (General Neutral)
4130,Mình là Thiện đây mình đính chính là mình không thân bạn nữ này nhé 😃,trung_tinh,vui,Giao tiếp/Trần thuật thông thường (General Neutral)
2198,"chỉ cần đủ quan trọng , họ sẽ làm tất cả những gì bạn thấy vui .",trung_tinh,hy_vong,Giao tiếp/Trần thuật thông thường (General Neutral)
5071,Nội tâm,trung_tinh,buon,Giao tiếp/Trần thuật thông thường (General Neutral)
5382,ăn nhiều mau khoẻ .. tôm cá ấy mày giàu canxi,trung_tinh,hy_vong,Giao tiếp/Trần thuật thông thường (General Neutral)
2028,Đời dạy hai hơn trường dạy,trung_tinh,gian_du,Giao tiếp/Trần thuật thông thường (General Neutral)
755,Con Chim chào mào.,trung_tinh,vui,Giao tiếp/Trần thuật thông thường (General Neutral)
4770,đúng chất người đẹp mặc rẻ rách cũng đẹp,trung_tinh,vui,Giao tiếp/Trần thuật thông thường (General Neutral)
2863,Em chào thầy,trung_tinh,vui,Giao tiếp/Trần thuật thông thường (General Neutral)
5797,chẳng có j để tự hào cả 😌,trung_tinh,vui,Giao tiếp/Trần thuật thông thường (General Neutral)
5356,làm người khác thỏa mãn bằng mùi hương của chính bản thân,trung_tinh,that_vong,Giao tiếp/Trần thuật thông thường (General Neutral)
6869,"@nangoc84 👉Ai trong con người cũng có lòng tham, chỉ có người biết kiềm chế lòng tham như thế nào thôi. (Giống như vào 1 lệnh future). 👉 Hãy kiềm chế con quỷ trong bạn. 🧠 1 dạng content mới - Giọng nói, postcard",trung_tinh,hy_vong,Giao tiếp/Trần thuật thông thường (General Neutral)
5702,"Các giải đấu thế giới đang tiến lên 1 bước đỉnh cao như thời kì đồ đá. Ai mạnh là thành chúa tể. Sau này phát triển hơn là sẽ thả vô đánh tập thể, ai còn sống là vô địch",trung_tinh,hy_vong,Giao tiếp/Trần thuật thông thường (General Neutral)
9218,Tướng như đàn ông thế kia bảo sao chả đau,trung_tinh,gian_du,Giao tiếp/Trần thuật thông thường (General Neutral)
9973,hình như bồ tao cũng tập gym 😶😶,trung_tinh,vui,Giao tiếp/Trần thuật thông thường (General Neutral)
4817,rút kinh nghiệm lần sau cứ khách nào kêu tính tiền thì mình checkin phòng liền nếu tình trạng như vậy thì cho nó dọn phòng khi nào sạch thì cho nó về 😀,trung_tinh,vui,Giao tiếp/Trần thuật thông thường (General Neutral)
1214,sáng nay tao mới thấy 2 con này đi cùng,trung_tinh,hy_vong,Giao tiếp/Trần thuật thông thường (General Neutral)
7120,cho đi luôn bớt lo,trung_tinh,gian_du,Giao tiếp/Trần thuật thông thường (General Neutral)
3863,Thuỳ Dung Bình thường giao thông sẽ có camera đợi 1 2 ngày nữa có sẽ video nên chưa biết ai đúng ai sai được… ở đâu mình không biết chứ dưới mình bỏ chạy mà bắt được lấy xe về xã xử lý chứ không có đánh như này… 😂,trung_tinh,hy_vong,Có Icon cười xã giao (Social Icon)
5059,công nhận già thật,trung_tinh,gian_du,Giao tiếp/Trần thuật thông thường (General Neutral)
6015,per sắp bị đuổi khỏi trường rồi nhé 😉😉,trung_tinh,vui,Giao tiếp/Trần thuật thông thường (General Neutral)
5043,Chính quyền đã cảnh báo chứ phải không,trung_tinh,gian_du,Giao tiếp/Trần thuật thông thường (General Neutral)
8302,Hi a🎉,trung_tinh,vui,Giao tiếp/Trần thuật thông thường (General Neutral)
7138,có ý định nhai hết hộp kẹo điểm danh đi 😌😌,trung_tinh,hy_vong,Giao tiếp/Trần thuật thông thường (General Neutral)
6488,thời buổi này là thằng con trai trước hết phải có khả năng kinh tế phải nuôi được bố mẹ rồi hãy tính đến chuyện kết hôn,trung_tinh,hy_vong,Giao tiếp/Trần thuật thông thường (General Neutral)
1026,tôi ko biết ngại là gì nữa rồi,trung_tinh,lo_au,Giao tiếp/Trần thuật thông thường (General Neutral)
2071,Dương Thùy tag tui mà nick ảo tui dô like,trung_tinh,gian_du,Giao tiếp/Trần thuật thông thường (General Neutral)
2155,per my nè kkk,trung_tinh,vui,Giao tiếp/Trần thuật thông thường (General Neutral)
5623,Đức Trần mỗi việc đều có cái khó của riêng nó chứ sao so sánh thế được,trung_tinh,gian_du,Giao tiếp/Trần thuật thông thường (General Neutral)
2712,cô ơi nhiệt tình là tốt nhưng bản thân phải an toàn trước 😗,trung_tinh,vui,Giao tiếp/Trần thuật thông thường (General Neutral)
1675,@★Andrealphus★ Em khi ở trên trung tâm nè ✨,trung_tinh,hy_vong,Giao tiếp/Trần thuật thông thường (General Neutral)
6673,Hân Hân voãi,trung_tinh,gian_du,Giao tiếp/Trần thuật thông thường (General Neutral)
8489,Nếu là sếp mình sẽ thử bằng 1 con ốc nhỏ hơn,trung_tinh,hy_vong,Giao tiếp/Trần thuật thông thường (General Neutral)
1818,em hướng ngoại hay nói chuyện với mọi người xung quanh nhưng em không nói chuyêm với gia đình,trung_tinh,lo_au,Giao tiếp/Trần thuật thông thường (General Neutral)
1752,Nguyễn Yến xác nhận đúng nhà này đánh đấy b,trung_tinh,gian_du,Giao tiếp/Trần thuật thông thường (General Neutral)
5425,Với mình sức khoẻ và trí tuệ là số 1,trung_tinh,hy_vong,Giao tiếp/Trần thuật thông thường (General Neutral)
3606,Nguyễn Thị Ngọc Lan kiếp sau chắc gì đã gặp a mà oánh,trung_tinh,gian_du,Giao tiếp/Trần thuật thông thường (General Neutral)
1473,xong tao đưa mày uống nha,trung_tinh,hy_vong,Giao tiếp/Trần thuật thông thường (General Neutral)
5588,nên công bố để răn đe,trung_tinh,gian_du,Giao tiếp/Trần thuật thông thường (General Neutral)
3070,không biết luôn á,trung_tinh,lo_au,Giao tiếp/Trần thuật thông thường (General Neutral)
8677,Hi thầy :3,trung_tinh,vui,Giao tiếp/Trần thuật thông thường (General Neutral)
4355,"trai xinh gái đẹp thời đó , nhìn cái xe là biết giáo dục có điều kiện rồi",trung_tinh,vui,Giao tiếp/Trần thuật thông thường (General Neutral)
3964,"50%thoi, còn tùy theo GĐ nữa nhé",trung_tinh,hy_vong,Giao tiếp/Trần thuật thông thường (General Neutral)
3546,tao đang thă ́ c mă ́ c ta ̣ i sao thă ̀ người da đen no ́ quen được con nho ̉ da tră ́ người ngon va ̃ i thê ́ nhy ̃. 😑😑😑,trung_tinh,gian_du,Giao tiếp/Trần thuật thông thường (General Neutral)
5334,Hưng Lan b pải lm bên thám tử tư chuẩn kk,trung_tinh,vui,Giao tiếp/Trần thuật thông thường (General Neutral)
635,Dù sao k thấy cái bản mặt nó trên tt là đc em à,trung_tinh,hy_vong,Giao tiếp/Trần thuật thông thường (General Neutral)
4495,nói mẹ ngoài đời,trung_tinh,gian_du,Giao tiếp/Trần thuật thông thường (General Neutral)
9033,Những nhà thơ ngày xưa vẫn nhất.,trung_tinh,vui,Giao tiếp/Trần thuật thông thường (General Neutral)
932,Vào trang cá nhân của em có đăng full cái kết 🌴,trung_tinh,vui,Giao tiếp/Trần thuật thông thường (General Neutral)
10034,hãy tôn trọng quyền được mưu cầu hạnh phúc của mỗi cá nhân con người trên thế giới này đi . đừng kì thị họ ! tội lỗi lắm 🙂,trung_tinh,hy_vong,Giao tiếp/Trần thuật thông thường (General Neutral)
8282,cuộc sống của mình đừng hỏi ý kiến người khác,trung_tinh,hy_vong,Triết lý cuộc sống (Philosophy)
3016,"5 điều cần làm để giảm suy nghĩ tiêu cực:<br>1.Đi tắm và uống nước+Đi ngủ đi cho cơ thể bình yên lại<br>2.Chịu trách nhiệm:<br>Tự hỏi xem mình mắc lỗi gì dẫn đến việc gì và làm sao để sửa?<br>3.Đi làm gì đó:Don&#39;t Procastinate<br>Nếu như mà cứ cuốn theo suy nghĩ tiêu cực thì không thể nào mà work effectively-&gt;feel worse-&gt;work worse<br>4.Tra Google cách để làm một việc,giải quyết một vấn đề<br>5.Cắt các mối quan hệ tiêu cực:than thở 24/7,một người bạn luôn muốn có thật nhiều sự chú ý,ích kỷ",trung_tinh,hy_vong,Giao tiếp/Trần thuật thông thường (General Neutral)
5892,quan trọng là họ quảng cáo nói có đúng không . hay là được ít năm hỏng thì mệt,trung_tinh,gian_du,Giao tiếp/Trần thuật thông thường (General Neutral)
997,Đế quốc Khmer từng huy hoàng,trung_tinh,vui,Giao tiếp/Trần thuật thông thường (General Neutral)
513,kêu gọi thì lói thế thôi chứ dân nó vẫn dùng apple như thường,trung_tinh,gian_du,Giao tiếp/Trần thuật thông thường (General Neutral)
8453,cẩn thận móc túi trộm nhé anh chị em .,trung_tinh,hy_vong,Giao tiếp/Trần thuật thông thường (General Neutral)
5813,ông tóc ngắn ngắn cam cam tên gì vậy ạ ?,trung_tinh,lo_au,Giao tiếp/Trần thuật thông thường (General Neutral)
8633,tài năng sáng tạo vẩy bút thôi cũng là nghệ thuật,trung_tinh,vui,Giao tiếp/Trần thuật thông thường (General Neutral)
5838,Sáng Dê :)) t k quan tâm lắm xe gì chả thế mấy con xăng giờ còn thấy mấy k,trung_tinh,vui,Có Icon cười xã giao (Social Icon)
2569,Đối với người lớn Đôi khi 10km cũng là xa Quan trọng là có muốn hay ko,trung_tinh,buon,Giao tiếp/Trần thuật thông thường (General Neutral)
7797,per chơi với con trai riết nên giờ đéo có người yêu nổi vì tính tình không khác gì con trai,trung_tinh,that_vong,Giao tiếp/Trần thuật thông thường (General Neutral)
1782,"Người có tâm thì làm việc gì cũng có tâm dù là nhỏ nhất, và dĩ nhiên sự trung thực và trách nhiệm cao luôn được đền bù xứng đáng.",trung_tinh,hy_vong,Giao tiếp/Trần thuật thông thường (General Neutral)
2122,giọng không nhìn màn hình tao tưởng là ông bà già nào trên 60 tuổi đang nói á .,trung_tinh,vui,Giao tiếp/Trần thuật thông thường (General Neutral)
9817,Cũng từng mà ko nhìu thế 3hay 4 tiếng thôi mà trời mưa to sấm😅 đêm rồi,trung_tinh,that_vong,Giao tiếp/Trần thuật thông thường (General Neutral)
6089,thay đổi chóng mặt,trung_tinh,vui,Giao tiếp/Trần thuật thông thường (General Neutral)
1234,"Ty Thanh Vo à không. Mình đang không nói đến sự kiện mà chỉ đang mô phỏng lại diễn biến nội tâm của anh chồng thôi ạ. Có thể đúng, có thể sai ạ ^^",trung_tinh,hy_vong,Giao tiếp/Trần thuật thông thường (General Neutral)
9700,càng nhìn tấm ảnh càng thấy thương cha mẹ nhiều hơn,trung_tinh,buon,Giao tiếp/Trần thuật thông thường (General Neutral)
5839,Đặng Văn Vinh tao sắp đẻ tao nói dùm oke,trung_tinh,gian_du,Giao tiếp/Trần thuật thông thường (General Neutral)
5859,Giờ vẫn vậy á kk,trung_tinh,vui,Giao tiếp/Trần thuật thông thường (General Neutral)
9188,chia sẻ nhiều trang vào,trung_tinh,hy_vong,Giao tiếp/Trần thuật thông thường (General Neutral)
8732,Trà Nguyễn trong cmt đó má,trung_tinh,gian_du,Giao tiếp/Trần thuật thông thường (General Neutral)
2092,"Đường luôn ở dưới chân ta. Nếu k bt đường ở đâu thì ngươi chưa tin vào bản thân, chưa hiểu bản thân. Để r khi chọn sai r hối hận cũng đã muộn",trung_tinh,that_vong,Giao tiếp/Trần thuật thông thường (General Neutral)
4193,Trương Đình Phước vứt vào thùng rác là để chứng minh không phải tài xế cấu kết gian lận ứng dụng.,trung_tinh,gian_du,Giao tiếp/Trần thuật thông thường (General Neutral)
7745,2025 vẫn xem,trung_tinh,hy_vong,Giao tiếp/Trần thuật thông thường (General Neutral)
2904,bố mẹ là những người yêu ta vô điều kiện ...,trung_tinh,buon,Giao tiếp/Trần thuật thông thường (General Neutral)
9801,đi lỗi phụ ấy . chắc bọn tao gần đấy mới biết nhiều lối phụ không tắc,trung_tinh,gian_du,Giao tiếp/Trần thuật thông thường (General Neutral)
5929,bài này quen quen,trung_tinh,vui,Giao tiếp/Trần thuật thông thường (General Neutral)
9892,Chỉnh sửa ảnh Free đàn bà mới đẻ xác nhận không nhạy cảm bằng nha,trung_tinh,gian_du,Giao tiếp/Trần thuật thông thường (General Neutral)
1209,"Hay rồi anh Khánh ơi , về thôi",trung_tinh,vui,Giao tiếp/Trần thuật thông thường (General Neutral)
8674,mấy góc cầu bị bể là thành quả của mấy đứa mập chân ngắn để lại à ....,trung_tinh,gian_du,Giao tiếp/Trần thuật thông thường (General Neutral)
6346,"đừng để râu , móng tay cắt gọn gàng . nếu mà thơm nữa thì 8d chuẩn mẹ rồi",trung_tinh,gian_du,Giao tiếp/Trần thuật thông thường (General Neutral)
8071,phải bồi thường thiệt hại bị trầy xước thân tàu . tiền sơn lại mấy toa tàu chắc cũng bộn .,trung_tinh,that_vong,Giao tiếp/Trần thuật thông thường (General Neutral)
8134,Đâu cứ phải là cam pu chia vì người thời đó rất thưa thớt chỉ vì kinh đô nằm ở đất cam thôi,trung_tinh,that_vong,Giao tiếp/Trần thuật thông thường (General Neutral)
3591,nhìn lại giờ đéo biết vì sao ngày xưa mình đỗ đại học,trung_tinh,gian_du,Giao tiếp/Trần thuật thông thường (General Neutral)
3387,"Về nhan sắc, khó có thể có quy định cụ thể lắm bạn. Tiêu chuẩn cái đẹp của 20 năm trước và giờ cũng khác nhau. Chỉ cần ưa nhìn trong mắt mình thì có thể đc coi là đẹp rồi. Kể cả trong cùng 1 thời điểm, nhiều idol đẹp trong mắt ng này nhưng trong mắt ng khác lại ko đẹp.",trung_tinh,hy_vong,Giao tiếp/Trần thuật thông thường (General Neutral)
7691,"Minh Tấn ngày trước thì làm liền, chứ giờ thì phải 1 thời gian mới nữa lồng ghép nhẹ vào cơ ;))",trung_tinh,vui,Giao tiếp/Trần thuật thông thường (General Neutral)
7363,xin lỗi đây mình vẫn nấu nhé,trung_tinh,buon,Giao tiếp/Trần thuật thông thường (General Neutral)
3540,cho nó ăn rau má đi,trung_tinh,gian_du,Giao tiếp/Trần thuật thông thường (General Neutral)
9502,"thâ ̣ tao ra thi ̀ nê ́ u 1 thă ̀ người con trai no ́ yêu mày va ̀ coi tro ̣ người mày , câ ̀ n mày thi ̀ mày co ́ qua ́ i thai thê ́ na ̀ o no ́ cu ̃ người chi ̣ u đươ ̣ c va ̀ cô ́ gă ́ người la ̀ mày mày vui 🙂",trung_tinh,gian_du,Giao tiếp/Trần thuật thông thường (General Neutral)
7029,Bạn này cũng k xinh xuất sắc như mn khen. Về diễn xuất thì mình cũng k ý kiến vì k có chuyên môn. Qđ cá nhân thì thấy bạn này cũng xinh bình thường thôi.,trung_tinh,that_vong,Giao tiếp/Trần thuật thông thường (General Neutral)
412,ai thử rồi cho xin tấm hình cái coi nào,trung_tinh,hy_vong,Giao tiếp/Trần thuật thông thường (General Neutral)
7569,Nguyên Phạm người trong cuộc hiểu người trong kẹt quá héng,trung_tinh,vui,Giao tiếp/Trần thuật thông thường (General Neutral)
2891,không biết người của họ hay sao mà bắt heo 2 ngày trúng 2 cái ipx,trung_tinh,that_vong,Giao tiếp/Trần thuật thông thường (General Neutral)
8517,Pham Hoang Nam đồng đội b ơi :v,trung_tinh,vui,Có Icon cười xã giao (Social Icon)
9859,"thật thà vãi , mà tao chỉ thích ăn xoài chua .",trung_tinh,that_vong,Giao tiếp/Trần thuật thông thường (General Neutral)
4316,"hướng nội thì có nhiều loại lắm nhưng điểm chung là họ chọn ở một mình để nạp năng lượng, để tự chữa lành bản thân, để được làm chính mình",trung_tinh,hy_vong,Giao tiếp/Trần thuật thông thường (General Neutral)
7117,sau quả sấm sáng cả trời thì gần như toàn khu phố mất điện,trung_tinh,that_vong,Giao tiếp/Trần thuật thông thường (General Neutral)
4141,chắc làm theo yêu cầu,trung_tinh,vui,Giao tiếp/Trần thuật thông thường (General Neutral)
3197,Ko phải đôi khi mà là luôn luôn là thế đi đâu cũng phải nhờ cái miệng mới dễ sống,trung_tinh,hy_vong,Giao tiếp/Trần thuật thông thường (General Neutral)
3432,xã hội giờ càng ít nói như tao thì càng ngoan hiền,trung_tinh,that_vong,Triết lý cuộc sống (Philosophy)
3616,tài sản thời bao cấp ...,trung_tinh,that_vong,Giao tiếp/Trần thuật thông thường (General Neutral)
1607,phải thế mới hết thối được,trung_tinh,buon,Giao tiếp/Trần thuật thông thường (General Neutral)
4759,ở miền nam nó vẫn không được giá như trước nhưng cũng dư giả,trung_tinh,that_vong,Giao tiếp/Trần thuật thông thường (General Neutral)
2280,"nhiều nước quá , lấy bát về múc nước ra thêm tí đường vào là có 1 bát nước gạo ngon lành",trung_tinh,that_vong,Giao tiếp/Trần thuật thông thường (General Neutral)
4827,@Hien2021 thời gian là câu trả lời và cũng là lý do chị ạ,trung_tinh,hy_vong,Giao tiếp/Trần thuật thông thường (General Neutral)
6333,"thay vì gà chuyển sang ăn lợn , tao cungc thế nên món khoái khẩu là gà chuyển sang sườn mày ạ",trung_tinh,that_vong,Giao tiếp/Trần thuật thông thường (General Neutral)
8479,Dạ chị vào phây púc tìm ghẹ shop để đc tư vấn nha,trung_tinh,hy_vong,Giao tiếp/Trần thuật thông thường (General Neutral)
5595,Bỏ qua những mối quan hệ độc hại/ vòng cảm xúc luẩn quẩn/ vòng tròn quan hệ/,trung_tinh,buon,Giao tiếp/Trần thuật thông thường (General Neutral)
8771,mình thì hay đọc sách khi cảm thấy tiêu cực. chổ làm việc của mình luôn luôn có một cuốn sách,trung_tinh,hy_vong,Giao tiếp/Trần thuật thông thường (General Neutral)
3891,biết chứ dã từng sài,trung_tinh,gian_du,Giao tiếp/Trần thuật thông thường (General Neutral)
7070,em này có cạo lông không ta sao nhìn lông ngăn quá,trung_tinh,lo_au,Giao tiếp/Trần thuật thông thường (General Neutral)
7498,các bác cứ tích cực vào . em chả quan tâm,trung_tinh,gian_du,Giao tiếp/Trần thuật thông thường (General Neutral)
5027,"per đấy , có người đưa ra quyết định đúng lúc thì các em đỡ khổ còn gì",trung_tinh,gian_du,Giao tiếp/Trần thuật thông thường (General Neutral)
7654,còn chặt cả cây ổi của hàng xóm để lấy cái chạc làm súng đấy cứ,trung_tinh,gian_du,Giao tiếp/Trần thuật thông thường (General Neutral)
8495,thực tế thì con gái sẽ gục ngã trước một người đàn ô hài hước hơn là điển trai,trung_tinh,hy_vong,Giao tiếp/Trần thuật thông thường (General Neutral)
3954,đồng nghiệp của tôi là ai 😑,trung_tinh,that_vong,Giao tiếp/Trần thuật thông thường (General Neutral)
3433,Nhà Của Gấu thế nhưng k làm gì cũng bị phán xét đó nha,trung_tinh,gian_du,Giao tiếp/Trần thuật thông thường (General Neutral)
4643,"Thật Sai Lầm Khi bậc đầu tiên nó ko dài vậy đâu. Mà cứ bước mỗi bậc nó lại dài ra, thành ra nó ko thể lên đến đỉnh nóc được.",trung_tinh,that_vong,Giao tiếp/Trần thuật thông thường (General Neutral)
9242,đang tìm ra 1 điểm sai nào đó nhưng có lẽ không có :),trung_tinh,hy_vong,Giao tiếp/Trần thuật thông thường (General Neutral)
3136,ừ thế là kể từ đấy về sau đứa con trai nào cũng trở thành huynh đệ với nó hết,trung_tinh,that_vong,Giao tiếp/Trần thuật thông thường (General Neutral)
1011,cu ̃ người it xa ̀ mày lă ́ mày ..,trung_tinh,gian_du,Giao tiếp/Trần thuật thông thường (General Neutral)
6317,"ai cũng chỉ muốn cho con tất cả nhưng vì được không có mà thôi , có con thì mới biết lòng cha mẹ",trung_tinh,hy_vong,Giao tiếp/Trần thuật thông thường (General Neutral)
7393,Nên đừng thắc mắc tại sao giờ nhiều mẹ đơn thân,trung_tinh,that_vong,Giao tiếp/Trần thuật thông thường (General Neutral)
6103,ta sao khúc cuối cậu bé xịt nói chuyện hoa làm gì vậy,trung_tinh,gian_du,Giao tiếp/Trần thuật thông thường (General Neutral)
3560,Man TV t thấy bình thường mà giống người mẫu đi catwalk,trung_tinh,gian_du,Giao tiếp/Trần thuật thông thường (General Neutral)
9439,đằng nào mà chẳng thịt chẳng qua sớm hay muộn thôi,trung_tinh,that_vong,Giao tiếp/Trần thuật thông thường (General Neutral)
204,Long Nguyen xem ít j.a.v hoyyy,trung_tinh,hy_vong,Giao tiếp/Trần thuật thông thường (General Neutral)
5677,tạm biệt tổng thống trump !! việt nam hẹn gặp lại ngài !,trung_tinh,hy_vong,Giao tiếp/Trần thuật thông thường (General Neutral)
1429,per đó đi chơi nhiều dô hỏi sao da đen -.-,trung_tinh,that_vong,Giao tiếp/Trần thuật thông thường (General Neutral)
9724,"tính tao tao biết , chẳng có chuyện gì có thể làm tao phát điên cả",trung_tinh,that_vong,Giao tiếp/Trần thuật thông thường (General Neutral)
2455,Có ng nói vs mk 1 câu:Có nhan sắc là 1 lợi thế nhưng ko có nghĩa là có tất cả,trung_tinh,hy_vong,Giao tiếp/Trần thuật thông thường (General Neutral)
6532,một viên gạch tốt người ta sẽ biết ngôi nhà an toàn....,trung_tinh,hy_vong,Giao tiếp/Trần thuật thông thường (General Neutral)
9611,ếch chết tại miệng,trung_tinh,that_vong,Giao tiếp/Trần thuật thông thường (General Neutral)
9390,động lực để phụ nữ chiến đấu chính là gia đình và bản thân họ :),trung_tinh,hy_vong,Giao tiếp/Trần thuật thông thường (General Neutral)
119,Chưa từng hối hận bất cứng đều gì chuyện gì củng đều có lý do cả,trung_tinh,that_vong,Giao tiếp/Trần thuật thông thường (General Neutral)
6629,"thao trường đổ mồ hôi để chiến trường đỡ đổ máu , ý thức từ bé đi 🙂",trung_tinh,gian_du,Giao tiếp/Trần thuật thông thường (General Neutral)
3005,Trọng Nguyễn mỗi nơi mỗi kiểu người ah ơi,trung_tinh,buon,Giao tiếp/Trần thuật thông thường (General Neutral)
9587,ok mà cần gì cứ cắt chất lượng lại thôi vẫn bán giá vậy,trung_tinh,hy_vong,Giao tiếp/Trần thuật thông thường (General Neutral)
5734,có mà ngược lại ... thời thế thay đổi rồi,trung_tinh,that_vong,Giao tiếp/Trần thuật thông thường (General Neutral)
44,lâu quá rồi không nghe,trung_tinh,that_vong,Giao tiếp/Trần thuật thông thường (General Neutral)
6210,giống chó này tên là gì vậy các bác 🙄,trung_tinh,gian_du,Giao tiếp/Trần thuật thông thường (General Neutral)
6700,bạn không có lỗi sinh ra trong nghèo khó nhưng nếu chết trong nghèo khó thì đó là lỗi của bạn,trung_tinh,that_vong,Giao tiếp/Trần thuật thông thường (General Neutral)
4915,"Hà nội mà, ko vội được đâu !",trung_tinh,that_vong,Giao tiếp/Trần thuật thông thường (General Neutral)
2548,Ngọc Liên vào tường mình mà xem mình vừa chia sẻ đó,trung_tinh,hy_vong,Giao tiếp/Trần thuật thông thường (General Neutral)
1880,Bài học cho tất cả chúng ta,trung_tinh,gian_du,Giao tiếp/Trần thuật thông thường (General Neutral)
969,có gì vui không nhỉ,trung_tinh,hy_vong,Giao tiếp/Trần thuật thông thường (General Neutral)
993,"đang lười quá nè , làm sao để bớt lười",trung_tinh,that_vong,Giao tiếp/Trần thuật thông thường (General Neutral)
2679,thẳng thắn cho đỡ mất thời gian của nhau,trung_tinh,gian_du,Giao tiếp/Trần thuật thông thường (General Neutral)
7655,nhan sắc ko phải tất cả nhưng có nhan sắc chưa chắc có tất cả,trung_tinh,hy_vong,Giao tiếp/Trần thuật thông thường (General Neutral)
6399,sao không xúm lại rỉa lông tụi đầu bếp nhỉ .,trung_tinh,gian_du,Giao tiếp/Trần thuật thông thường (General Neutral)
3091,"t cu ̃ người cu ̀ người nghê ̀. theo kinh nghiê ̣ mày thi ̀ thâ ́ y top như ̃ người kha ́ ch ơ ̉ vô y ́ thư ́ c nhâ ́ tao la ̀ trung quô ́ c , â ́ n đô ̣ va ̀ đương nhiên co ́ ca ̉ viê ̣ tao nam - _ - biê ́ tao co ́ người na ̀ y người kia nhưng khi đi ̉ ti ̀ nh tra ̣ người diê ̃ n ra qua ́ nhiê ̀ u thi ̀ người ta se ̃ đa ́ nh gia ́ ca ̉ 1 nê ̀ n văn ho ́ anh .",trung_tinh,gian_du,Giao tiếp/Trần thuật thông thường (General Neutral)
7661,Bây giờ có loại vàng k hít nhé. Xi đẳng cấp luôn.,trung_tinh,gian_du,Giao tiếp/Trần thuật thông thường (General Neutral)
9412,nếu thấy phụ nữ quá phức tạp để hiểu và chinh phục thì đây là cách giải quyết vấn đề,trung_tinh,gian_du,Giao tiếp/Trần thuật thông thường (General Neutral)
6380,Nguyên Phạm đánh người chạy đi ko đánh người chạy lại,trung_tinh,gian_du,Giao tiếp/Trần thuật thông thường (General Neutral)
6277,"nếu chiếc xe đỗ giữa cửa nhà tôi như trong hình của thớt tôi hoàn toàn không có cảm giác gì , kể cả ngày nào cũng vậy luôn .",trung_tinh,that_vong,Giao tiếp/Trần thuật thông thường (General Neutral)
2963,cái tính đã ngại rồi thì có đẹp đi nữa cx sẽ ngại thôi,trung_tinh,that_vong,Giao tiếp/Trần thuật thông thường (General Neutral)
7394,mới yêu thôi nhá yêu lâu rồi chán nhau rồi á thử xem đường đứa nào đứa đấy đi,trung_tinh,hy_vong,Giao tiếp/Trần thuật thông thường (General Neutral)
6223,cảm giác lúc ấy sẽ ra sao,trung_tinh,hy_vong,Giao tiếp/Trần thuật thông thường (General Neutral)
8956,không hiểu lắm,trung_tinh,that_vong,Giao tiếp/Trần thuật thông thường (General Neutral)
3213,hoi giàu họ ko kheo vàng,trung_tinh,buon,Giao tiếp/Trần thuật thông thường (General Neutral)
9044,xịt nước là ướt rồi,trung_tinh,gian_du,Giao tiếp/Trần thuật thông thường (General Neutral)
5978,tao vẫn nấu hôm trời mất điện,trung_tinh,buon,Giao tiếp/Trần thuật thông thường (General Neutral)
6554,chung quy là hình thức quảng cáo !!!,trung_tinh,that_vong,Giao tiếp/Trần thuật thông thường (General Neutral)
136,vl gần nhà,trung_tinh,gian_du,Giao tiếp/Trần thuật thông thường (General Neutral)
9862,Nguyễn Thế Đức ông suy nghĩ giống ck tui vậy. Mỗi khi có gì đó xảy ra đều tại ngoại cảnh cả. Chưa khi nào là tại ổng,trung_tinh,that_vong,Giao tiếp/Trần thuật thông thường (General Neutral)
1277,Việt Đức lẩu gà Ba Tri,trung_tinh,gian_du,Giao tiếp/Trần thuật thông thường (General Neutral)
2734,tỉnh táo đi em !,trung_tinh,hy_vong,Giao tiếp/Trần thuật thông thường (General Neutral)
3561,"thời chúng ta , đồ hỏng thì mua mới còn thời ông bà , đồ hỏng thì đem đi sửa . đó là lý do vì sao tình yêu của họ luôn bền lâu ....",trung_tinh,that_vong,Giao tiếp/Trần thuật thông thường (General Neutral)
8484,này 2 đứa . đã chia tay chưa . chia tay rồi có xem lại video này không .,trung_tinh,that_vong,Giao tiếp/Trần thuật thông thường (General Neutral)
528,"t xem cái này từ lâu lâu lâu rồi cơ , đéo bất ngờ gì cạ 😕",trung_tinh,that_vong,Giao tiếp/Trần thuật thông thường (General Neutral)
2016,đó là cuộc sống của mỗi người .. mình phải tôn trọng nhau thôi,trung_tinh,buon,Triết lý cuộc sống (Philosophy)
4464,mèo nhà em thì cho tiền cũng không ra khỏi cửa,trung_tinh,gian_du,Giao tiếp/Trần thuật thông thường (General Neutral)
2510,Vũ Đức đấy là lời khuyên của những ng trong cuộc mà thôi nên chúng ta ko nên đánh giá qua những gì mik thấy trc mắt đc.,trung_tinh,that_vong,Giao tiếp/Trần thuật thông thường (General Neutral)
1187,"Xuân Nghĩa b ơi, ở nhà thì làm sao có đủ dụng cụ mà mở khí quản trong chốc nhát được, chưa kể nữa là mẹ k làm trong hscc",trung_tinh,gian_du,Giao tiếp/Trần thuật thông thường (General Neutral)
2184,lấy giẻ lau xong vắt chắc cũng được nửa,trung_tinh,buon,Giao tiếp/Trần thuật thông thường (General Neutral)
5921,rất có thể nó đang pr trá hình để bán hàng,trung_tinh,gian_du,Giao tiếp/Trần thuật thông thường (General Neutral)
6481,đéo hiểu,trung_tinh,gian_du,Giao tiếp/Trần thuật thông thường (General Neutral)
6820,"@Lana39572482 Hi, lễ hội mà b",trung_tinh,hy_vong,Giao tiếp/Trần thuật thông thường (General Neutral)
5989,quan trọng nhất vẫn là tấm lòng 🙂,trung_tinh,that_vong,Giao tiếp/Trần thuật thông thường (General Neutral)
3419,Tấn Đạt cc,trung_tinh,gian_du,Giao tiếp/Trần thuật thông thường (General Neutral)
2813,Thích Lòng Vòng F35 cũng bị tai nạn mà tai nạn thì xịn hay đểu cũng đểu có khả năng bị,trung_tinh,gian_du,Giao tiếp/Trần thuật thông thường (General Neutral)
359,cũng không có gì đặc sắc lắm . vì em còn mặc cả áo khoác chống cả tuyết lên cơ,trung_tinh,that_vong,Giao tiếp/Trần thuật thông thường (General Neutral)
2372,thế rồi cha lái xe có giả tiền không các bác,trung_tinh,gian_du,Giao tiếp/Trần thuật thông thường (General Neutral)
5869,"từ nay ho , thì phải kiếm chỗ nào nằm tạm",trung_tinh,that_vong,Giao tiếp/Trần thuật thông thường (General Neutral)
7501,chợt nhận ra mình chưa từng thích thầm ai trong lớp,trung_tinh,buon,Giao tiếp/Trần thuật thông thường (General Neutral)
6866,Thuỳ Linh để mình hỏi ý kiến vợ đã,trung_tinh,hy_vong,Giao tiếp/Trần thuật thông thường (General Neutral)
795,có quá nhiều lựa chọn trong một tháng,trung_tinh,buon,Giao tiếp/Trần thuật thông thường (General Neutral)
3595,Cuộc sống mà. K có gì là dễ dàng .,trung_tinh,hy_vong,Triết lý cuộc sống (Philosophy)
6840,vật chất quyết định ý thức,trung_tinh,that_vong,Giao tiếp/Trần thuật thông thường (General Neutral)
6507,"Thanh Liêm Nguyễn Đúng là a đó sai nhưng vkck a đó hay live ở Pđb á b, từ năm trước rồi. Mk ko nói là a đó đúng. Mà hay đi coi hát rồi chơi thân với mấy bé.",trung_tinh,that_vong,Giao tiếp/Trần thuật thông thường (General Neutral)
8582,xem xong rồi mà có cảm thấy gì đâu ??,trung_tinh,that_vong,Giao tiếp/Trần thuật thông thường (General Neutral)
6338,nóng tính quá hỏng viẹc - trẻ em rất thích ngọt mình nên nhẹ nhàng cương quyết mới được,trung_tinh,hy_vong,Giao tiếp/Trần thuật thông thường (General Neutral)
1964,Một khi đã làm thì không hối hận chỉ có sai lầm nhận ra bài học thôi,trung_tinh,that_vong,Phủ định hối hận (Negated Regret)
8343,sang năm quyêt định đi ngủ cho đỡ mỏi mắt,trung_tinh,lo_au,Giao tiếp/Trần thuật thông thường (General Neutral)
10244,Nhưng việc đã làm ko bao giờ hổi hận trước khi làm việc gì phải suy nghx thật kĩ,trung_tinh,that_vong,Giao tiếp/Trần thuật thông thường (General Neutral)
7560,"thế các bn nghĩ người có nhan sắc lịu họ có tự tin kh , càng tự ti đấy ak",trung_tinh,hy_vong,Giao tiếp/Trần thuật thông thường (General Neutral)
7663,ngày xưa tao cũng viết nhưng bị chị gái đọc trộm từ đó dẹp mẹ nhật ký luôn,trung_tinh,that_vong,Giao tiếp/Trần thuật thông thường (General Neutral)
4384,mình có xài rồi nè hồi lúc đi làm xí nghiêp gọi là lò xô đổ dầu xài,trung_tinh,buon,Giao tiếp/Trần thuật thông thường (General Neutral)
8501,chỉ thấy phối nhạc hay thôi chứ lời tao cảm thấy nghe không có nghĩa lí gì luôn 😐,trung_tinh,that_vong,Giao tiếp/Trần thuật thông thường (General Neutral)
6268,đó là động lực chứ không phải để đem ra so sánh ..,trung_tinh,that_vong,Giao tiếp/Trần thuật thông thường (General Neutral)
3254,mĩm cười cho qua,trung_tinh,that_vong,Giao tiếp/Trần thuật thông thường (General Neutral)
10106,chẳng bao giờ thấy sai,trung_tinh,that_vong,Giao tiếp/Trần thuật thông thường (General Neutral)
8836,khó hiểu lắm,trung_tinh,that_vong,Giao tiếp/Trần thuật thông thường (General Neutral)
1172,Cỏ Ba Lá người câm sẽ rất khổ vì k thể phản biện đòi quyền lợi. Nhưng với người tu hành thì để giữ miệng tịnh tâm lại vô cùng khó,trung_tinh,that_vong,Giao tiếp/Trần thuật thông thường (General Neutral)
