Text,Label
Mức độ cạnh tranh trong ngành hiện tại khiến tôi cảm thấy không chắc chắn về cơ hội thăng tiến của mình.,Lo âu
Tôi đang cảm thấy khá áp lực với khối lượng công việc hiện tại và thời hạn sắp tới.,Lo âu
Việc quản lý tài chính cá nhân trong thời kỳ lạm phát đang là một bài toán khó khiến tôi phải suy nghĩ nhiều.,Lo âu
"Tôi rất hài lòng với kết quả của quý này, mọi nỗ lực của team đã được đền đáp.",Vui vẻ
Sự thiếu chuyên nghiệp của đối tác làm ảnh hưởng nghiêm trọng đến tiến độ dự án của chúng tôi.,Tức giận
Việc không đạt được mục tiêu đã đề ra trong tháng này khiến tôi cảm thấy đôi chút thất vọng về bản thân.,Buồn bã
Sự thay đổi liên tục trong định hướng của ban giám đốc gây ra sự bối rối và lo ngại cho toàn bộ nhân viên.,Lo âu
Bài thi được điểm cao làm má ơi vui xỉu 🥰,Vui vẻ
"Dạo này crush có người yêu, chẳng muốn làm gì haiz",Buồn bã
"bực mình ghê quá, mạng lag lúc đang chơi game 😤",Tức giận
"không biết đi đúng hướng không quá, chờ mãi không thấy rep tin nhắn huhu",Lo âu
nay đi đường không bị tắc kaka,Vui vẻ
bị đồng nghiệp nói xấu làm mọi người ơi cay thật sự 🤬,Tức giận
nay đi làm về mệt quá làm tự nhiên tủi thân ghê haiz,Buồn bã
Đang đi đường thì bị tạt nước 🤬,Tức giận
cảm thấy cô đơn lạc lõng 🥀,Buồn bã
Đang đi đường thì bị tạt nước làm tự nhiên bực mình ghê 🔥,Tức giận
"Chời ơi mạng lag lúc đang chơi game, điên máu 🙄",Tức giận
Đứa bạn mượn tiền không trả 🤬,Tức giận
cứ nghĩ đến chuyện ra trường thất nghiệp là rén làm hôm nay nhỡ rớt chắc xỉu ngang huhu,Lo âu
"Mệt mỏi quá, bị sếp la hic",Buồn bã
bị rớt môn rồi,Buồn bã
cảm thấy cô đơn lạc lõng ...,Buồn bã
"không thể tin được quá, sếp khen cái project mới 🎉",Vui vẻ
"Cay thật sự quá, khách hàng dời lịch họp sát giờ",Tức giận
"Má ơi nay đi làm về mệt quá, muốn khóc hic",Buồn bã
trời mưa tự nhiên nhớ người yêu cũ làm má ơi muốn khóc 🥀,Buồn bã
"Hôm nay thấy tài khoản cạn tiền mà hoang mang, thót tim ...",Lo âu
giải quyết xong đống task tồn đọng làm tự nhiên không thể tin được 😎,Vui vẻ
Mai đi phỏng vấn mà run quá làm anh em ơi thót tim 😰,Lo âu
tìm được quán cafe ưng ý làm mọi người ơi cảm thấy yêu đời haha,Vui vẻ
"Tao nghĩ về tương lai mông lung quá, nhỡ rớt chắc xỉu ngang 😥",Lo âu
"Tao bài thi được điểm cao, tuyệt vời",Vui vẻ
Đang đi đường thì bị tạt nước làm tao muốn chửi thề 🤬,Tức giận
sếp khen cái project mới =)),Vui vẻ
Bị sếp la làm mọi người ơi thấy trống rỗng 🥀,Buồn bã
"tuyệt vời quá, lương về rồi =))",Vui vẻ
"chẳng muốn làm gì quá, cảm thấy cô đơn lạc lõng ...",Buồn bã
"Má ơi nay đi làm về mệt quá, tủi thân ghê hic",Buồn bã
"Anh em ơi chờ mãi không thấy rep tin nhắn, tim đập thình thịch 😭",Lo âu
Chốt đơn thành công món đồ ao ước haha,Vui vẻ
bài thi được điểm cao,Vui vẻ
bị rớt môn rồi 😔,Buồn bã
cảm thấy cô đơn lạc lõng làm chời ơi muốn khóc 😢,Buồn bã
Bị sếp la làm dạo này chẳng muốn làm gì 🥀,Buồn bã
Nay đi đường không bị tắc kaka,Vui vẻ
Đã dặn không ăn hành mà vẫn bỏ hành làm tôi tức á 🔥,Tức giận
Cảm giác bị tụt hậu so với bạn bè làm tao áp lực thực sự 😥,Lo âu
"Tớ giải quyết xong đống task tồn đọng, không thể tin được 😎",Vui vẻ
"Buồn xíu xiu quá, trời mưa tự nhiên nhớ người yêu cũ",Buồn bã
"muốn chửi thề quá, đứa bạn mượn tiền không trả 🙄",Tức giận
"Tự nhiên tìm được quán cafe ưng ý, quá đã 😎",Vui vẻ
"Mọi người ơi không biết ngày mai sẽ ra sao, lo lắng tột độ 😭",Lo âu
"Tự nhiên sếp khen cái project mới, vui xỉu haha",Vui vẻ
Bị rớt môn rồi 😢,Buồn bã
Áp lực đồng trang lứa đè nặng,Lo âu
"buồn xíu xiu quá, bị sếp la",Buồn bã
nghĩ về tương lai mông lung quá làm hôm nay sợ hãi,Lo âu
"chán nản thật sự quá, crush có người yêu ...",Buồn bã
"Tao bị sếp la, thấy trống rỗng 😔",Buồn bã
Đứa bạn mượn tiền không trả 😡,Tức giận
"Chời ơi sợ rớt môn quá, không biết đi đúng hướng không 😭",Lo âu
"không thể tin được quá, tìm được quán cafe ưng ý kaka",Vui vẻ
"Má ơi nay đi đường không bị tắc, cảm thấy yêu đời 😆",Vui vẻ
"Điên máu quá, đang đi đường thì bị tạt nước 🔥",Tức giận
"Tim đập thình thịch quá, khối lượng công việc nhiều quá không biết bắt đầu từ đâu 😭",Lo âu
Nuôi con mèo mà nó đi mất 😢,Buồn bã
"Tao thấy tài khoản cạn tiền mà hoang mang, nhỡ rớt chắc xỉu ngang",Lo âu
"tuyệt vọng quá, không ai hiểu mình 😔",Buồn bã
Giải quyết xong đống task tồn đọng làm mọi người ơi cảm thấy yêu đời kaka,Vui vẻ
bị overthinking trước khi ngủ làm mình tim đập thình thịch,Lo âu
"Thấy trống rỗng quá, trời mưa tự nhiên nhớ người yêu cũ",Buồn bã
"Không chịu nổi quá, đứa bạn mượn tiền không trả 😡",Tức giận
Khách hàng dời lịch họp sát giờ 🤬,Tức giận
bị sếp la làm tớ tủi thân ghê 🥀,Buồn bã
Crush có người yêu làm mình buồn xíu xiu 😔,Buồn bã
sắp tới deadline rồi mà chưa làm được chữ nào làm má ơi sợ hãi 🥲,Lo âu
"Anh em ơiii 💸 quá, lương về rồi 😎",Vui vẻ
"Tôi bị đồng nghiệp nói xấu, điên máu 🔥",Tức giận
"cục súc quá, khách hàng dời lịch họp sát giờ",Tức giận
"Dạo này nay đi đường không bị tắc, không thể tin được 🥰",Vui vẻ
"Mọi người ơi chốt đơn thành công món đồ ao ước, yayyy! haha",Vui vẻ
"Chời ơi sắp tới deadline rồi mà chưa làm được chữ nào, lo lắng tột độ 😰",Lo âu
Khách hàng dời lịch họp sát giờ,Tức giận
bị sếp la 😔,Buồn bã
sắp tới deadline rồi mà chưa làm được chữ nào 🥲,Lo âu
"Tao ship đồ ăn mà thiếu món, phát rồ 🔥",Tức giận
"Không biết đi đúng hướng không quá, không biết ngày mai sẽ ra sao huhu",Lo âu
"Tôi đang đi đường thì bị tạt nước, phát rồ 🙄",Tức giận
Khối lượng công việc nhiều quá không biết bắt đầu từ đâu 🥲,Lo âu
"Hôm nay không biết ngày mai sẽ ra sao, hoang mang huhu",Lo âu
"Muốn khóc quá, crush có người yêu haiz",Buồn bã
"Tao tìm được quán cafe ưng ý, cảm thấy yêu đời ✨",Vui vẻ
bị sếp la 🥀,Buồn bã
mai đi phỏng vấn mà run quá huhu,Lo âu
"Mọi người ơi bị sếp ép deadline vô lý, điên máu 🙄",Tức giận
khách hàng dời lịch họp sát giờ làm anh em ơi muốn bùng cháy 💢,Tức giận
"Mình cảm thấy cô đơn lạc lõng, tuyệt vọng haiz",Buồn bã
"Sợ hãi quá, sắp tới deadline rồi mà chưa làm được chữ nào ...",Lo âu
"Mình bị sếp la, thấy trống rỗng hic",Buồn bã
Mai đi phỏng vấn mà run quá làm hôm nay tim đập thình thịch 😥,Lo âu
Được crush rủ đi chơi kaka,Vui vẻ
ship đồ ăn mà thiếu món làm tao điên máu 😤,Tức giận
Đang đi đường thì bị tạt nước làm anh em ơi phát rồ 💢,Tức giận
Chốt đơn thành công món đồ ao ước,Vui vẻ
"tuyệt vời quá, giải quyết xong đống task tồn đọng ✨",Vui vẻ
Thấy tài khoản cạn tiền mà hoang mang làm anh em ơi đổ mồ hôi hột 🥲,Lo âu
Đứa bạn mượn tiền không trả 🙄,Tức giận
"Mệt mỏi quá, nuôi con mèo mà nó đi mất ...",Buồn bã
Nghĩ về tương lai mông lung quá huhu,Lo âu
Chốt đơn thành công món đồ ao ước làm mọi người ơi quá đã,Vui vẻ
Không biết ngày mai sẽ ra sao làm má ơi áp lực thực sự 😰,Lo âu
"bực mình ghê quá, đang đi đường thì bị tạt nước 😤",Tức giận
"Điên máu quá, ship đồ ăn mà thiếu món 🤬",Tức giận
"Rơi nước mắt quá, nay đi làm về mệt quá 🥀",Buồn bã
"Tớ ship đồ ăn mà thiếu món, điên máu 🙄",Tức giận
"Tớ sợ rớt môn quá, trằn trọc mãi mới chợp mắt được 😰",Lo âu
đang đi đường thì bị tạt nước 💢,Tức giận
"Tớ tìm được quán cafe ưng ý, anh em ơiii 💸 🥰",Vui vẻ
"Mình sợ rớt môn quá, hoang mang hic",Lo âu
Sợ rớt môn quá làm anh em ơi lo lắng tột độ ...,Lo âu
"thót tim quá, không biết ngày mai sẽ ra sao 🥲",Lo âu
Chờ mãi không thấy rep tin nhắn làm dạo này áp lực thực sự hic,Lo âu
"Tớ lương về rồi, cảm thấy yêu đời =))",Vui vẻ
"Nhỡ rớt chắc xỉu ngang quá, thấy tài khoản cạn tiền mà hoang mang ...",Lo âu
"tuyệt vọng quá, bị rớt môn rồi ...",Buồn bã
chờ mãi không thấy rep tin nhắn làm mình lo lắng tột độ 🥲,Lo âu
"buồn xíu xiu quá, không ai hiểu mình ...",Buồn bã
sợ rớt môn quá 😭,Lo âu
"Mọi người ơi sếp khen cái project mới, sướng rơn 🥰",Vui vẻ
chờ mãi không thấy rep tin nhắn làm tự nhiên áp lực thực sự 😰,Lo âu
"cay thật sự quá, bị đồng nghiệp nói xấu 💢",Tức giận
"Thót tim quá, khối lượng công việc nhiều quá không biết bắt đầu từ đâu ...",Lo âu
"Sướng rơn quá, lương về rồi kaka",Vui vẻ
"Sợ hãi quá, khối lượng công việc nhiều quá không biết bắt đầu từ đâu hic",Lo âu
Không ai hiểu mình 🥀,Buồn bã
"Bực mình ghê quá, bị sếp ép deadline vô lý 🔥",Tức giận
"Mệt mỏi quá, crush có người yêu ...",Buồn bã
"Nhỡ rớt chắc xỉu ngang quá, sợ rớt môn quá",Lo âu
Đứa bạn mượn tiền không trả 😡,Tức giận
nuôi con mèo mà nó đi mất 🥀,Buồn bã
được crush rủ đi chơi làm chời ơi vui cả ngày kaka =)) =)),Vui vẻ
"buồn xíu xiu quá, nuôi con mèo mà nó đi mất hic",Buồn bã
"sướng rơn quá, tìm được quán cafe ưng ý ✨",Vui vẻ
"Mình chốt đơn thành công món đồ ao ước, tuyệt vời ✨",Vui vẻ
Sắp tới deadline rồi mà chưa làm được chữ nào làm tự nhiên tim đập thình thịch ...,Lo âu
cảm thấy cô đơn lạc lõng làm tự nhiên chán nản thật sự 😔,Buồn bã
Sếp khen cái project mới làm hôm nay vui cả ngày kaka =)) 🥰,Vui vẻ
sếp khen cái project mới làm hôm nay sướng rơn 😆,Vui vẻ
nay đi đường không bị tắc 😆,Vui vẻ
Lương về rồi làm tớ vui cả ngày kaka =)) kaka,Vui vẻ
"cay thật sự quá, bị sếp ép deadline vô lý 💢",Tức giận
"Anh em ơi nghĩ về tương lai mông lung quá, áp lực thực sự 😭",Lo âu
bị sếp ép deadline vô lý 🤬,Tức giận
khối lượng công việc nhiều quá không biết bắt đầu từ đâu 😥,Lo âu
"Tôi bị sếp ép deadline vô lý, cục súc 😤",Tức giận
"Muốn khóc quá, không ai hiểu mình haiz",Buồn bã
"Má ơi trời mưa tự nhiên nhớ người yêu cũ, tuyệt vọng 😔",Buồn bã
trời mưa tự nhiên nhớ người yêu cũ làm má ơi mệt mỏi 💔,Buồn bã
"Yayyy! quá, tìm được quán cafe ưng ý ✨",Vui vẻ
Đã dặn không ăn hành mà vẫn bỏ hành 🔥,Tức giận
không biết ngày mai sẽ ra sao ...,Lo âu
"Chán nản thật sự quá, nuôi con mèo mà nó đi mất haiz",Buồn bã
Sợ rớt môn quá ...,Lo âu
Giải quyết xong đống task tồn đọng làm tớ anh em ơiii 💸 ✨,Vui vẻ
"Chời ơi nay đi đường không bị tắc, không thể tin được kaka",Vui vẻ
"thấy trống rỗng quá, bị sếp la 🥀",Buồn bã
"Thót tim quá, sợ rớt môn quá 😥",Lo âu
"Anh em ơi nay đi làm về mệt quá, buồn xíu xiu haiz",Buồn bã
"Tự nhiên cảm thấy cô đơn lạc lõng, chán nản thật sự ...",Buồn bã
"Muốn bùng cháy quá, ship đồ ăn mà thiếu món",Tức giận
Crush có người yêu 💔,Buồn bã
"Tự nhiên sắp tới deadline rồi mà chưa làm được chữ nào, nhỡ rớt chắc xỉu ngang ...",Lo âu
cảm thấy cô đơn lạc lõng làm mình mệt mỏi,Buồn bã
nuôi con mèo mà nó đi mất haiz,Buồn bã
"Chời ơi cảm thấy cô đơn lạc lõng, buồn xíu xiu",Buồn bã
"Má ơi cảm thấy cô đơn lạc lõng, tủi thân ghê haiz",Buồn bã
"hạnh phúc quá quá, lương về rồi ✨",Vui vẻ
"tuyệt vời quá, tìm được quán cafe ưng ý 🥰",Vui vẻ
khách hàng dời lịch họp sát giờ làm má ơi cục súc 🤬,Tức giận
lương về rồi làm mọi người ơi hạnh phúc quá 😎,Vui vẻ
"muốn khóc quá, nay đi làm về mệt quá 💔",Buồn bã
"Mình đã dặn không ăn hành mà vẫn bỏ hành, điên máu 🙄",Tức giận
Nay đi đường không bị tắc haha,Vui vẻ
mạng lag lúc đang chơi game 😡,Tức giận
"áp lực thực sự quá, không biết ngày mai sẽ ra sao 😰",Lo âu
"tuyệt vời quá, được crush rủ đi chơi haha",Vui vẻ
cảm thấy cô đơn lạc lõng làm tớ rơi nước mắt 😔,Buồn bã
"Tớ không ai hiểu mình, rơi nước mắt hic",Buồn bã
Sếp khen cái project mới 😆,Vui vẻ
Bài thi được điểm cao 😆,Vui vẻ
"Không chịu nổi quá, bị đồng nghiệp nói xấu 🔥",Tức giận
"Tuyệt vọng quá, bị rớt môn rồi",Buồn bã
"Dạo này đã dặn không ăn hành mà vẫn bỏ hành, tức á 🔥",Tức giận
nay đi làm về mệt quá 😢,Buồn bã
"Sợ hãi quá, áp lực đồng trang lứa đè nặng 😭",Lo âu
"cục súc quá, bị đồng nghiệp nói xấu 🔥",Tức giận
Chờ mãi không thấy rep tin nhắn làm tôi hoang mang 😰,Lo âu
"Hôm nay crush có người yêu, thấy trống rỗng 😢",Buồn bã
"Buồn xíu xiu quá, crush có người yêu 😢",Buồn bã
crush có người yêu ...,Buồn bã
"tuyệt vọng quá, trời mưa tự nhiên nhớ người yêu cũ 🥀",Buồn bã
Sợ rớt môn quá làm mọi người ơi sợ hãi ...,Lo âu
Nuôi con mèo mà nó đi mất làm tao thấy trống rỗng hic,Buồn bã
"nhỡ rớt chắc xỉu ngang quá, cảm giác bị tụt hậu so với bạn bè 🥲",Lo âu
Mạng lag lúc đang chơi game,Tức giận
"Muốn khóc quá, cảm thấy cô đơn lạc lõng 🥀",Buồn bã
"Tim đập thình thịch quá, nghĩ về tương lai mông lung quá 😥",Lo âu
"Thấy trống rỗng quá, bị rớt môn rồi ...",Buồn bã
tìm được quán cafe ưng ý haha,Vui vẻ
Đứa bạn mượn tiền không trả,Tức giận
lương về rồi làm tớ không thể tin được kaka,Vui vẻ
Trời mưa tự nhiên nhớ người yêu cũ 🥀,Buồn bã
Trời mưa tự nhiên nhớ người yêu cũ làm mình muốn khóc,Buồn bã
"cục súc quá, đang đi đường thì bị tạt nước",Tức giận
"Mình đã dặn không ăn hành mà vẫn bỏ hành, tức á 🤬",Tức giận
Khách hàng dời lịch họp sát giờ,Tức giận
Bị sếp la haiz,Buồn bã
"Vui xỉu quá, tìm được quán cafe ưng ý kaka",Vui vẻ
"Tôi bài thi được điểm cao, vui cả ngày kaka =)) ✨",Vui vẻ
"Tuyệt vời quá, nay đi đường không bị tắc 🎉",Vui vẻ
Sắp tới deadline rồi mà chưa làm được chữ nào 🥲,Lo âu
Được crush rủ đi chơi 😆,Vui vẻ
"anh em ơiii 💸 quá, lương về rồi 🥰",Vui vẻ
"Chời ơi nghĩ về tương lai mông lung quá, trằn trọc mãi mới chợp mắt được hic",Lo âu
"Tao chốt đơn thành công món đồ ao ước, anh em ơiii 💸 ✨",Vui vẻ
"Tôi không ai hiểu mình, muốn khóc 💔",Buồn bã
"Muốn khóc quá, nuôi con mèo mà nó đi mất",Buồn bã
"Tủi thân ghê quá, trời mưa tự nhiên nhớ người yêu cũ hic",Buồn bã
sợ rớt môn quá làm tôi tim đập thình thịch 🥲,Lo âu
Bị đồng nghiệp nói xấu 😡,Tức giận
thấy tài khoản cạn tiền mà hoang mang ...,Lo âu
mai đi phỏng vấn mà run quá làm tự nhiên không biết đi đúng hướng không ...,Lo âu
"Áp lực thực sự quá, nghĩ về tương lai mông lung quá ...",Lo âu
"Chời ơi đã dặn không ăn hành mà vẫn bỏ hành, điên máu 😤",Tức giận
"Chời ơi lương về rồi, vui cả ngày kaka =))",Vui vẻ
"Dạo này sếp khen cái project mới, quá đã kaka",Vui vẻ
"Không biết đi đúng hướng không quá, chờ mãi không thấy rep tin nhắn 😥",Lo âu
"Tự nhiên tìm được quán cafe ưng ý, vui cả ngày kaka =)) 😆",Vui vẻ
bị sếp la làm má ơi tuyệt vọng 😔,Buồn bã
Đã dặn không ăn hành mà vẫn bỏ hành làm mình cục súc,Tức giận
"Tôi mạng lag lúc đang chơi game, tức á",Tức giận
Đứa bạn mượn tiền không trả làm má ơi muốn chửi thề,Tức giận
Nghĩ về tương lai mông lung quá 🥲,Lo âu
"Hôm nay đang đi đường thì bị tạt nước, muốn chửi thề 🤬",Tức giận
Đứa bạn mượn tiền không trả 😤,Tức giận
"Mọi người ơi tìm được quán cafe ưng ý, quá đã kaka",Vui vẻ
Bị rớt môn rồi haiz,Buồn bã
"Sướng rơn quá, được crush rủ đi chơi 🎉",Vui vẻ
"Mình chốt đơn thành công món đồ ao ước, anh em ơiii 💸 😎",Vui vẻ
"Tao bài thi được điểm cao, tuyệt vời 🥰",Vui vẻ
"vui cả ngày kaka =)) quá, được crush rủ đi chơi kaka",Vui vẻ
Khách hàng dời lịch họp sát giờ 🤬,Tức giận
"Tao ship đồ ăn mà thiếu món, tức á 🙄",Tức giận
"rơi nước mắt quá, crush có người yêu",Buồn bã
"Tức á quá, đang đi đường thì bị tạt nước 😡",Tức giận
được crush rủ đi chơi làm mình không thể tin được =)),Vui vẻ
giải quyết xong đống task tồn đọng làm hôm nay vui cả ngày kaka =)) haha,Vui vẻ
Giải quyết xong đống task tồn đọng làm má ơi không thể tin được kaka,Vui vẻ
"sợ hãi quá, thấy tài khoản cạn tiền mà hoang mang 😰",Lo âu
"Dạo này cảm thấy cô đơn lạc lõng, thấy trống rỗng 🥀",Buồn bã
"Mình thấy tài khoản cạn tiền mà hoang mang, lo lắng tột độ 😭",Lo âu
"chẳng muốn làm gì quá, bị rớt môn rồi haiz",Buồn bã
Bài thi được điểm cao làm mọi người ơi vui cả ngày kaka =)) 😎,Vui vẻ
"Tao bài thi được điểm cao, không thể tin được 🥰",Vui vẻ
"Anh em ơi được crush rủ đi chơi, vui xỉu",Vui vẻ
bị rớt môn rồi làm tớ rơi nước mắt,Buồn bã
"không chịu nổi quá, mạng lag lúc đang chơi game 🔥",Tức giận
Đã dặn không ăn hành mà vẫn bỏ hành làm tự nhiên phát rồ 😤,Tức giận
Trời mưa tự nhiên nhớ người yêu cũ làm anh em ơi rơi nước mắt 😔,Buồn bã
Sếp khen cái project mới làm hôm nay anh em ơiii 💸 🥰,Vui vẻ
"chán nản thật sự quá, nay đi làm về mệt quá",Buồn bã
"Tự nhiên sợ rớt môn quá, thót tim ...",Lo âu
giải quyết xong đống task tồn đọng kaka,Vui vẻ
mạng lag lúc đang chơi game làm tao cay thật sự 🤬,Tức giận
Đang đi đường thì bị tạt nước làm tự nhiên muốn chửi thề 🤬,Tức giận
nay đi làm về mệt quá ...,Buồn bã
đã dặn không ăn hành mà vẫn bỏ hành 😡,Tức giận
bài thi được điểm cao làm tớ quá đã ✨,Vui vẻ
"vui cả ngày kaka =)) quá, sếp khen cái project mới 🎉",Vui vẻ
bị rớt môn rồi làm mình tuyệt vọng haiz,Buồn bã
"Tớ bị sếp ép deadline vô lý, cục súc",Tức giận
đứa bạn mượn tiền không trả làm má ơi điên máu,Tức giận
Sợ rớt môn quá làm hôm nay sợ hãi huhu,Lo âu
"Chời ơi sếp khen cái project mới, yayyy! =))",Vui vẻ
"Mọi người ơi nay đi đường không bị tắc, không thể tin được 🥰",Vui vẻ
"tim đập thình thịch quá, cảm giác bị tụt hậu so với bạn bè hic",Lo âu
bị đồng nghiệp nói xấu làm tự nhiên phát rồ 🙄,Tức giận
"Mọi người ơi cảm thấy cô đơn lạc lõng, muốn khóc 😔",Buồn bã
"Không thể tin được quá, chốt đơn thành công món đồ ao ước",Vui vẻ
"Tự nhiên đã dặn không ăn hành mà vẫn bỏ hành, cục súc 💢",Tức giận
"Cục súc quá, bị đồng nghiệp nói xấu 😡",Tức giận
Chốt đơn thành công món đồ ao ước 😆,Vui vẻ
"Tự nhiên lương về rồi, sướng rơn haha",Vui vẻ
Sợ rớt môn quá làm hôm nay tim đập thình thịch 😥,Lo âu
"Tớ áp lực đồng trang lứa đè nặng, đổ mồ hôi hột 😥",Lo âu
Không biết ngày mai sẽ ra sao làm mình không biết đi đúng hướng không huhu,Lo âu
Crush có người yêu 💔,Buồn bã
"Mình nay đi làm về mệt quá, buồn xíu xiu 💔",Buồn bã
đã dặn không ăn hành mà vẫn bỏ hành 💢,Tức giận
"Thị trường hiện tại biến động mạnh, làm tôi thấy e ngại về các quyết định đầu tư.",Lo âu
Tiến độ dự án đang chậm hơn dự kiến khiến tôi rất băn khoăn về khả năng hoàn thành.,Lo âu
Tôi thấy không hài lòng với cách làm việc thiếu minh bạch của bộ phận liên quan.,Tức giận
Xin cảm ơn ban lãnh đạo đã ghi nhận những nỗ lực đóng góp của tôi trong thời gian qua.,Vui vẻ
Việc mất đi một đối tác chiến lược quan trọng để lại nhiều tiếc nuối cho công ty.,Buồn bã
Môi trường làm việc độc hại đang dần vắt kiệt sức lực và tinh thần của tôi.,Buồn bã
Chúng ta cần họp khẩn cấp để xử lý những phàn nàn liên tiếp từ phía khách hàng.,Lo âu
Sự cải tiến quy trình mới đây đã đem lại hiệu quả công việc vượt ngoài mong đợi.,Vui vẻ
Việc bị đánh giá sai lệch năng lực trong kỳ review khiến tôi cảm thấy bất bình.,Tức giận
Chính sách phúc lợi mới bị cắt giảm gây ra làn sóng lo ngại sâu sắc trong nội bộ.,Lo âu
Không ai hiểu mình hic,Buồn bã
"Vừa bài thi được điểm cao xong, hét toáng lên lun 🤩",Vui vẻ
điểm thi thử thấp quá làm chời ơi sợ hãi 🥲,Lo âu
"Vừa chờ mòn mỏi mà không có kết quả tốt xong, mệt mỏi lun ...",Buồn bã
crush có người yêu làm mọi người ơi muốn khóc 😭,Buồn bã
bốc trúng phần thưởng to làm hôm nay hạnh phúc quá ✨,Vui vẻ
"Má ơi bị đồng nghiệp nói xấu, muốn chửi thề 🔥",Tức giận
"Vừa cảm giác bị tụt hậu so với bạn bè xong, đổ mồ hôi hột lun 🥶",Lo âu
"Anh em ơi cứ nghĩ đến chuyện ra trường thất nghiệp là rén, thót tim 😱",Lo âu
"Tớ gõ xong đoạn text dài mà chưa kịp save bị cúp điện, muốn chửi thề 🙄",Tức giận
thấy bạn thân chơi với người khác làm mọi người ơi thất vọng toàn tập 🥀,Buồn bã
Bị đồng nghiệp nói xấu làm hôm nay sôi máu 💢,Tức giận
"Vừa tìm được quán cafe ưng ý xong, hạnh phúc quá lun ✨",Vui vẻ
"Hôm nay thấy crush đi chơi với người khác, hoang mang 😥",Lo âu
Bị đồng nghiệp nói xấu 💢,Tức giận
"Tim đập thình thịch quá, khối lượng công việc nhiều quá không biết bắt đầu từ đâu 😱",Lo âu
"Toát mồ hôi quá, sắp tới deadline rồi mà chưa làm được chữ nào 🥲",Lo âu
"Như người mất hồn quá, nay đi làm về mệt quá 😢",Buồn bã
"Tớ idol rep comment, anh em ơiii 💸 🥳",Vui vẻ
"Vừa không biết ngày mai sẽ ra sao xong, áp lực thực sự lun 😱",Lo âu
Thiệt tình mạng lag lúc đang chơi game. phát điên 👎,Tức giận
"Vừa áp lực đồng trang lứa đè nặng xong, không biết làm sao lun ...",Lo âu
"cảm thấy yêu đời quá, ăn được món ngon đúng ý 🥰",Vui vẻ
"Vừa ăn được món ngon đúng ý xong, anh em ơiii 💸 lun 😆",Vui vẻ
"Mọi người ơi cảm thấy cô đơn lạc lõng, muốn khóc 😞",Buồn bã
"Tui chơi game gặp trúng đồng đội toxic, cục súc 😤",Tức giận
"quá đã quá, idol rep comment haha",Vui vẻ
"Má ơi idol rep comment, vui cả ngày kaka =)) 🥰",Vui vẻ
Chốt đơn thành công món đồ ao ước ✨,Vui vẻ
Bốc trúng phần thưởng to 🤩,Vui vẻ
"Vừa bốc trúng phần thưởng to xong, tuyệt vời lun 🥳",Vui vẻ
"Vừa mới nghỉ việc xong chưa biết làm gì tiếp xong, toát mồ hôi lun 😭",Lo âu
bị overthinking trước khi ngủ 🥲,Lo âu
"Bản thân mới tậu được chiếc áo cực cháy, nhảy cẫng lên 🎉",Vui vẻ
"Vừa tìm được quán cafe ưng ý xong, yomost lun 🥰",Vui vẻ
Thấy crush đi chơi với người khác 😱,Lo âu
Chơi game gặp trúng đồng đội toxic 🤬,Tức giận
Thiệt tình gia đình hối thúc chuyện cưới xin. lo lắng tột độ 🥲,Lo âu
Thiệt tình thấy bạn thân chơi với người khác. muốn khóc haiz,Buồn bã
"Chẳng muốn làm gì quá, chia tay xong cứ thấy trống rỗng 😔",Buồn bã
"bực mình ghê quá, bị chen ngang lúc đang xếp hàng 🔥",Tức giận
"muốn khóc quá, bị sếp la 💔",Buồn bã
Thiệt tình mới tậu được chiếc áo cực cháy. Yayyy! 😎,Vui vẻ
đồ án bị bắt làm lại từ đầu làm mọi người ơi giận tím người 🤬,Tức giận
Thiệt tình bốc trúng phần thưởng to. không thể tin được 🎉,Vui vẻ
Bị bom hàng 👎,Tức giận
"Vừa sợ rớt môn quá xong, tim đập thình thịch lun 😱",Lo âu
Thiệt tình bị trừ lương vì đi trễ. tủi thân ghê 😢,Buồn bã
Thiệt tình trời mưa tự nhiên nhớ người yêu cũ. muốn khóc 💔,Buồn bã
Thiệt tình bị sếp ép deadline vô lý. giận tím người 🤬,Tức giận
Thiệt tình thấy bạn thân chơi với người khác. buồn xíu xiu 🥀,Buồn bã
"Hôm nay cảm thấy cô đơn lạc lõng, buồn xíu xiu 😞",Buồn bã
"Chời ơi cảm thấy cô đơn lạc lõng, thấy trống rỗng 🥀",Buồn bã
Thiệt tình đứa bạn mượn tiền không trả. phát điên 😤,Tức giận
Thiệt tình khách hàng dời lịch họp sát giờ. tức phát khóc 😤,Tức giận
ship đồ ăn mà thiếu món 🙄,Tức giận
"Tự nhiên bị đồng nghiệp nói xấu, điên máu 🔥",Tức giận
"anh em ơiii 💸 quá, giải quyết xong đống task tồn đọng kaka",Vui vẻ
Cảm giác bị tụt hậu so với bạn bè làm tui tim đập thình thịch ...,Lo âu
"Vừa bị nói xấu sau lưng xong, buồn xíu xiu lun ...",Buồn bã
Thiệt tình thấy tài khoản cạn tiền mà hoang mang. nhỡ rớt chắc xỉu ngang 😰,Lo âu
"Mình bài thi được điểm cao, hạnh phúc quá haha",Vui vẻ
Thiệt tình cứ nghĩ đến chuyện ra trường thất nghiệp là rén. hồi hộp quá 🥲,Lo âu
"Chời ơi chờ mãi không thấy rep tin nhắn, trằn trọc mãi mới chợp mắt được 😥",Lo âu
"Má ơi bị sếp la, tủi thân ghê haiz",Buồn bã
Thiệt tình bị bom hàng. cay thật sự 🙄,Tức giận
Thiệt tình nuôi con mèo mà nó đi mất. thất vọng toàn tập 🥀,Buồn bã
Thiệt tình vừa chốt được hợp đồng lớn. sướng rơn 🤩,Vui vẻ
Chuẩn bị bảo vệ luận văn mà chưa ôn kỹ làm dạo này hoang mang hic,Lo âu
Được thăng chức 🥳,Vui vẻ
Trời mưa tự nhiên nhớ người yêu cũ 😢,Buồn bã
"hét toáng lên quá, giải quyết xong đống task tồn đọng ✨",Vui vẻ
Gõ xong đoạn text dài mà chưa kịp save bị cúp điện 🔥,Tức giận
"Tớ nghĩ về tương lai mông lung quá, thót tim 😥",Lo âu
Thấy bạn thân chơi với người khác làm góc than vãn: muốn khóc 😭,Buồn bã
Thiệt tình mai đi phỏng vấn mà run quá. không biết đi đúng hướng không 😰,Lo âu
Thiệt tình crush có người yêu. chán nản thật sự ...,Buồn bã
Thiệt tình thấy crush đi chơi với người khác. bối rối 😰,Lo âu
"Góc than vãn: được thăng chức, yomost ✌️",Vui vẻ
thấy bạn thân chơi với người khác làm mọi người ơi tủi thân ghê 😞,Buồn bã
Thiệt tình gõ xong đoạn text dài mà chưa kịp save bị cúp điện. không thể nuốt trôi 👊,Tức giận
"Vừa nay đi làm về mệt quá xong, thất vọng toàn tập lun ...",Buồn bã
"Vừa mạng lag lúc đang chơi game xong, tức á lun 👎",Tức giận
"Chời ơi bị chen ngang lúc đang xếp hàng, phát rồ 🔥",Tức giận
Khách hàng dời lịch họp sát giờ 🙄,Tức giận
"Vừa tìm được quán cafe ưng ý xong, cười bể bụng lun ✨",Vui vẻ
"Vừa nay đi đường không bị tắc xong, tuyệt vời lun haha",Vui vẻ
"Vừa thấy bạn thân chơi với người khác xong, thấy trống rỗng lun ...",Buồn bã
"cục súc quá, đứa bạn mượn tiền không trả 🙄",Tức giận
Được thăng chức ✌️,Vui vẻ
"Tức á quá, xe hỏng giữa đường lúc đang vội 👊",Tức giận
Bị nói xấu sau lưng 😔,Buồn bã
"Vừa nay đi làm về mệt quá xong, mệt mỏi lun 😢",Buồn bã
Thiệt tình chơi game gặp trúng đồng đội toxic. muốn bùng cháy 🤬,Tức giận
Sếp khen cái project mới 🥳,Vui vẻ
"Tôi áp lực đồng trang lứa đè nặng, hồi hộp quá 😭",Lo âu
"Phát điên quá, bị chen ngang lúc đang xếp hàng 😤",Tức giận
"Mọi người ơi lương về rồi, yayyy! 😎",Vui vẻ
Áp lực đồng trang lứa đè nặng làm dạo này tim đập thình thịch 🥶,Lo âu
"yomost quá, vừa chốt được hợp đồng lớn haha",Vui vẻ
"Vừa khách hàng dời lịch họp sát giờ xong, tức á lun 🤬",Tức giận
"Vừa có người tài trợ cho đi du lịch xong, nhảy cẫng lên lun ✌️",Vui vẻ
Thấy bạn thân chơi với người khác làm mọi người ơi rơi nước mắt 😢,Buồn bã
"Vừa mạng lag lúc đang chơi game xong, tức á lun 🙄",Tức giận
Giải quyết xong đống task tồn đọng 🥳,Vui vẻ
giải quyết xong đống task tồn đọng làm dạo này cảm thấy yêu đời 🤩,Vui vẻ
Đầu tư bị lỗ vốn nặng 😥,Lo âu
nay đi làm về mệt quá làm mọi người ơi chán nản thật sự 😞,Buồn bã
"không thể nuốt trôi quá, đã dặn không ăn hành mà vẫn bỏ hành 👊",Tức giận
Cảm thấy cô đơn lạc lõng làm dạo này thất vọng toàn tập 😔,Buồn bã
"Tim đập thình thịch quá, mới nghỉ việc xong chưa biết làm gì tiếp 😥",Lo âu
Cảm thấy cô đơn lạc lõng làm tui mệt mỏi 😔,Buồn bã
Thiệt tình nay đi làm về mệt quá. muốn khóc ...,Buồn bã
"Buồn rười rượi quá, thấy bạn thân chơi với người khác 😔",Buồn bã
Lương về rồi ✌️,Vui vẻ
"Chời ơi vừa chốt được hợp đồng lớn, anh em ơiii 💸 🎉",Vui vẻ
Đứa bạn mượn tiền không trả làm tao phát rồ 👊,Tức giận
"Vừa thấy bạn thân chơi với người khác xong, tuyệt vọng lun 😞",Buồn bã
"Vừa chốt đơn thành công món đồ ao ước xong, anh em ơiii 💸 lun 🎉",Vui vẻ
Idol rep comment làm má ơi hạnh phúc quá kaka,Vui vẻ
"Vừa thấy tài khoản cạn tiền mà hoang mang xong, thấy bất an ghê lun huhu",Lo âu
"Vui xỉu quá, sếp khen cái project mới haha",Vui vẻ
"tim đập thình thịch quá, mới nghỉ việc xong chưa biết làm gì tiếp 🥶",Lo âu
chốt đơn thành công món đồ ao ước 🥰,Vui vẻ
mới nghỉ việc xong chưa biết làm gì tiếp 😥,Lo âu
"giận tím người quá, khách hàng dời lịch họp sát giờ 😤",Tức giận
"Yayyy! quá, bốc trúng phần thưởng to ✌️",Vui vẻ
mạng lag lúc đang chơi game 👊,Tức giận
"Hôm nay bị chen ngang lúc đang xếp hàng, phát điên 🤬",Tức giận
Thiệt tình nay đi đường không bị tắc. nhảy cẫng lên 🎉,Vui vẻ
"Tôi trời mưa tự nhiên nhớ người yêu cũ, buồn xíu xiu 😭",Buồn bã
Thiệt tình idol rep comment. anh em ơiii 💸 🎉,Vui vẻ
"Yayyy! quá, sếp khen cái project mới 😆",Vui vẻ
"tuyệt vời quá, giải quyết xong đống task tồn đọng haha",Vui vẻ
"Mọi người ơi nuôi con mèo mà nó đi mất, tủi thân ghê hic",Buồn bã
"Tui mới tậu được chiếc áo cực cháy, vui cả ngày kaka =)) 🥰",Vui vẻ
Chờ mãi không thấy rep tin nhắn 😭,Lo âu
crush có người yêu làm má ơi thất vọng toàn tập 🥀,Buồn bã
"Vừa bị bom hàng xong, tức phát khóc lun 🔥",Tức giận
Thiệt tình chờ mãi không thấy rep tin nhắn. thấy bất an ghê 🥲,Lo âu
chơi game gặp trúng đồng đội toxic 😤,Tức giận
Thiệt tình gia đình hối thúc chuyện cưới xin. nhỡ rớt chắc xỉu ngang hic,Lo âu
"Bản thân ăn được món ngon đúng ý, sướng rơn 🥰",Vui vẻ
"Chời ơi bốc trúng phần thưởng to, vui cả ngày kaka =)) 🎉",Vui vẻ
Thấy tài khoản cạn tiền mà hoang mang làm bản thân nhỡ rớt chắc xỉu ngang 🥲,Lo âu
"Chời ơi có người tài trợ cho đi du lịch, quá đã =))",Vui vẻ
"Tui sắp tới deadline rồi mà chưa làm được chữ nào, lo lắng tột độ huhu",Lo âu
"buồn xíu xiu quá, không ai hiểu mình ...",Buồn bã
"Điên máu quá, bị chen ngang lúc đang xếp hàng 🙄",Tức giận
Thiệt tình giải quyết xong đống task tồn đọng. Yayyy! 🤩,Vui vẻ
"vui cả ngày kaka =)) quá, lương về rồi 🤩",Vui vẻ
Thiệt tình có người tài trợ cho đi du lịch. yomost 🤩,Vui vẻ
"Vừa sợ rớt môn quá xong, lo lắng tột độ lun 😥",Lo âu
"Mình ăn được món ngon đúng ý, anh em ơiii 💸 kaka",Vui vẻ
không biết ngày mai sẽ ra sao làm chời ơi nhỡ rớt chắc xỉu ngang 😭,Lo âu
Bị hủy chuyến du lịch phút chót làm mình chán nản thật sự 💔,Buồn bã
chia tay xong cứ thấy trống rỗng 😞,Buồn bã
Thiệt tình đang đi đường thì bị tạt nước. giận tím người 😡,Tức giận
cứ nghĩ đến chuyện ra trường thất nghiệp là rén ...,Lo âu
đứa bạn mượn tiền không trả làm má ơi bực mình ghê 😡,Tức giận
Lương về rồi 🎉,Vui vẻ
"Chời ơi chia tay xong cứ thấy trống rỗng, tuyệt vọng 😭",Buồn bã
"Vừa bị hủy chuyến du lịch phút chót xong, rơi nước mắt lun 😔",Buồn bã
"Vừa chuẩn bị bảo vệ luận văn mà chưa ôn kỹ xong, không biết đi đúng hướng không lun 🥲",Lo âu
Thiệt tình bị đồng nghiệp nói xấu. cục súc 💢,Tức giận
Bị trừ lương vì đi trễ làm tự nhiên tủi thân ghê 😢,Buồn bã
bị nói xấu sau lưng làm bản thân thất vọng toàn tập 😞,Buồn bã
"Vừa bị sếp la xong, buồn xíu xiu lun 💔",Buồn bã
"tức á quá, đứa bạn mượn tiền không trả 😤",Tức giận
"không chịu nổi quá, bị chen ngang lúc đang xếp hàng 👎",Tức giận
Thiệt tình đứa bạn mượn tiền không trả. bực mình ghê 😡,Tức giận
tìm được quán cafe ưng ý 🎉,Vui vẻ
"Tôi cảm giác bị tụt hậu so với bạn bè, sợ hãi hic",Lo âu
Crush có người yêu 🥀,Buồn bã
"phát điên quá, đồ án bị bắt làm lại từ đầu 💢",Tức giận
Thiệt tình chờ mòn mỏi mà không có kết quả tốt. rơi nước mắt hic,Buồn bã
chờ mòn mỏi mà không có kết quả tốt 😢,Buồn bã
Mới tậu được chiếc áo cực cháy làm tớ nhảy cẫng lên haha,Vui vẻ
"Vừa crush có người yêu xong, chẳng muốn làm gì lun 😭",Buồn bã
"Dạo này ăn được món ngon đúng ý, quá đã 😎",Vui vẻ
Thiệt tình đầu tư bị lỗ vốn nặng. áp lực thực sự 😱,Lo âu
"Chán nản thật sự quá, trời mưa tự nhiên nhớ người yêu cũ haiz",Buồn bã
Thiệt tình ship đồ ăn mà thiếu món. tức phát khóc 👊,Tức giận
Thiệt tình không biết ngày mai sẽ ra sao. tim đập thình thịch huhu,Lo âu
Chờ mòn mỏi mà không có kết quả tốt 💔,Buồn bã
Chốt đơn thành công món đồ ao ước làm má ơi cười bể bụng 😆,Vui vẻ
"Vừa khối lượng công việc nhiều quá không biết bắt đầu từ đâu xong, hoang mang lun ...",Lo âu
"Vừa bị trừ lương vì đi trễ xong, rơi nước mắt lun 😔",Buồn bã
Đồ án bị bắt làm lại từ đầu làm tui cay thật sự 👎,Tức giận
"Vừa nay đi làm về mệt quá xong, chẳng muốn làm gì lun ...",Buồn bã
"Mình chơi game gặp trúng đồng đội toxic, tức á 💢",Tức giận
không ai hiểu mình hic,Buồn bã
chốt đơn thành công món đồ ao ước 🎉,Vui vẻ
thấy tài khoản cạn tiền mà hoang mang huhu,Lo âu
"Buồn xíu xiu quá, nuôi con mèo mà nó đi mất 😞",Buồn bã
"vui xỉu quá, có người tài trợ cho đi du lịch haha",Vui vẻ
"Vừa sếp khen cái project mới xong, sướng rơn lun 😎",Vui vẻ
Xe hỏng giữa đường lúc đang vội làm tao tức á 👎,Tức giận
Khối lượng công việc nhiều quá không biết bắt đầu từ đâu làm tự nhiên hoang mang 🥶,Lo âu
"Vừa nay đi làm về mệt quá xong, buồn xíu xiu lun haiz",Buồn bã
Thiệt tình nuôi con mèo mà nó đi mất. tuyệt vọng 😞,Buồn bã
Thiệt tình bị sếp ép deadline vô lý. sôi máu 👎,Tức giận
Có người tài trợ cho đi du lịch ✌️,Vui vẻ
"Tôi mới nghỉ việc xong chưa biết làm gì tiếp, nhỡ rớt chắc xỉu ngang 😱",Lo âu
Thiệt tình bị đồng nghiệp nói xấu. không thể nuốt trôi 👎,Tức giận
cảm thấy cô đơn lạc lõng haiz,Buồn bã
"Vừa crush có người yêu xong, rơi nước mắt lun 😭",Buồn bã
Thiệt tình bị trừ lương vì đi trễ. chẳng muốn làm gì hic,Buồn bã
"Hôm nay chơi game gặp trúng đồng đội toxic, cay thật sự 🔥",Tức giận
Thiệt tình điểm thi thử thấp quá. áp lực thực sự 😭,Lo âu
bị bom hàng làm chời ơi cay thật sự 😡,Tức giận
"Hôm nay nghĩ về tương lai mông lung quá, thấy bất an ghê hic",Lo âu
thấy tài khoản cạn tiền mà hoang mang làm mọi người ơi không biết đi đúng hướng không 😥,Lo âu
Thiệt tình tìm được quán cafe ưng ý. hạnh phúc quá 🎉,Vui vẻ
"Má ơi mới tậu được chiếc áo cực cháy, anh em ơiii 💸 🤩",Vui vẻ
"Tớ bốc trúng phần thưởng to, tuyệt vời ✨",Vui vẻ
"Góc than vãn: vừa chốt được hợp đồng lớn, cười bể bụng haha",Vui vẻ
Thiệt tình đứa bạn mượn tiền không trả. muốn bùng cháy 😤,Tức giận
"Vừa bị overthinking trước khi ngủ xong, hồi hộp quá lun ...",Lo âu
"Vừa crush có người yêu xong, thấy trống rỗng lun 🥀",Buồn bã
"Dạo này ship đồ ăn mà thiếu món, cục súc 🤬",Tức giận
Chia tay xong cứ thấy trống rỗng 😞,Buồn bã
"Anh em ơi ship đồ ăn mà thiếu món, cay thật sự 🙄",Tức giận
Ăn được món ngon đúng ý làm mình không thể tin được =)),Vui vẻ
Thiệt tình khách hàng dời lịch họp sát giờ. phát rồ 🔥,Tức giận
thấy bạn thân chơi với người khác 🥀,Buồn bã
sợ rớt môn quá làm tao tim đập thình thịch 🥲,Lo âu
"Tự nhiên mới tậu được chiếc áo cực cháy, thích mê 🎉",Vui vẻ
"hoang mang quá, sợ rớt môn quá 😱",Lo âu
Được crush rủ đi chơi 🎉,Vui vẻ
Mới tậu được chiếc áo cực cháy 🤩,Vui vẻ
"Anh em ơi bị sếp ép deadline vô lý, sôi máu 🤬",Tức giận
"Góc than vãn: đứa bạn mượn tiền không trả, muốn chửi thề 😤",Tức giận
"buồn rười rượi quá, bị rớt môn rồi 😭",Buồn bã
"Nghĩ mà rùng mình quá, sắp tới deadline rồi mà chưa làm được chữ nào hic",Lo âu
"Vừa nghĩ về tương lai mông lung quá xong, thấy bất an ghê lun ...",Lo âu
Thiệt tình sợ rớt môn quá. trằn trọc mãi mới chợp mắt được 🥲,Lo âu
"Yayyy! quá, sếp khen cái project mới haha",Vui vẻ
"Vừa lương về rồi xong, cảm thấy yêu đời lun 😆",Vui vẻ
Sắp tới deadline rồi mà chưa làm được chữ nào 😥,Lo âu
Xe hỏng giữa đường lúc đang vội làm tao giận tím người 👊,Tức giận
Thiệt tình bị overthinking trước khi ngủ. áp lực thực sự hic,Lo âu
"Tui khối lượng công việc nhiều quá không biết bắt đầu từ đâu, tim đập thình thịch 😱",Lo âu
bị trừ lương vì đi trễ 🥀,Buồn bã
khối lượng công việc nhiều quá không biết bắt đầu từ đâu làm mình không biết làm sao hic,Lo âu
"Yayyy! quá, bài thi được điểm cao 🥰",Vui vẻ
crush có người yêu làm tự nhiên thất vọng toàn tập 😞,Buồn bã
"Vừa được thăng chức xong, cười bể bụng lun 🤩",Vui vẻ
"Nghĩ mà rùng mình quá, thấy tài khoản cạn tiền mà hoang mang 🥶",Lo âu
"Tôi bài thi được điểm cao, cảm thấy yêu đời 🤩",Vui vẻ
Thiệt tình cứ nghĩ đến chuyện ra trường thất nghiệp là rén. sợ hãi ...,Lo âu
"Vừa sếp khen cái project mới xong, yayyy! lun 🥰",Vui vẻ
chơi game gặp trúng đồng đội toxic 🙄,Tức giận
Thiệt tình chốt đơn thành công món đồ ao ước. anh em ơiii 💸 🤩,Vui vẻ
Không biết ngày mai sẽ ra sao 😱,Lo âu
"Vừa chốt đơn thành công món đồ ao ước xong, quá đã lun haha",Vui vẻ
crush có người yêu 😞,Buồn bã
Bị trừ lương vì đi trễ 🥀,Buồn bã
"Dạo này đứa bạn mượn tiền không trả, cay thật sự 🙄",Tức giận
Đứa bạn mượn tiền không trả 👊,Tức giận
"Tao bị bom hàng, muốn chửi thề 💢",Tức giận
Thiệt tình trời mưa tự nhiên nhớ người yêu cũ. chẳng muốn làm gì ...,Buồn bã
sợ rớt môn quá 🥲,Lo âu
Thiệt tình mới tậu được chiếc áo cực cháy. quá đã 🤩,Vui vẻ
Cứ nghĩ đến chuyện ra trường thất nghiệp là rén 🥶,Lo âu
bị overthinking trước khi ngủ làm tự nhiên không biết làm sao 😰,Lo âu
"tuyệt vọng quá, bị rớt môn rồi 😞",Buồn bã
"Thất vọng toàn tập quá, không ai hiểu mình 😞",Buồn bã
Thiệt tình tìm được quán cafe ưng ý. anh em ơiii 💸 kaka,Vui vẻ
"Vừa thấy bạn thân chơi với người khác xong, như người mất hồn lun ...",Buồn bã
sếp khen cái project mới làm tự nhiên hét toáng lên kaka,Vui vẻ
"Mọi người ơi được thăng chức, yomost 😎",Vui vẻ
"Vừa bị nói xấu sau lưng xong, chẳng muốn làm gì lun 🥀",Buồn bã
"Vừa cảm thấy cô đơn lạc lõng xong, mệt mỏi lun 😞",Buồn bã
"Bản thân không biết ngày mai sẽ ra sao, thót tim 🥶",Lo âu
"Vừa bị sếp ép deadline vô lý xong, muốn chửi thề lun 👊",Tức giận
Thiệt tình bị bom hàng. bực mình ghê 👊,Tức giận
"Vừa cảm thấy cô đơn lạc lõng xong, chán nản thật sự lun hic",Buồn bã
"Mọi người ơi chốt đơn thành công món đồ ao ước, cười bể bụng 🥳",Vui vẻ
Thiệt tình nuôi con mèo mà nó đi mất. tủi thân ghê 😔,Buồn bã
"Vừa bị trừ lương vì đi trễ xong, tuyệt vọng lun 😞",Buồn bã
Thiệt tình chuẩn bị thuyết trình mà quên mang theo slide. hồi hộp quá 😥,Lo âu
Tìm được quán cafe ưng ý 🎉,Vui vẻ
Thiệt tình đồ án bị bắt làm lại từ đầu. giận tím người 👎,Tức giận
"Vừa chia tay xong cứ thấy trống rỗng xong, buồn xíu xiu lun hic",Buồn bã
"chẳng muốn làm gì quá, bị trừ lương vì đi trễ 😞",Buồn bã
"Mệt mỏi quá, nuôi con mèo mà nó đi mất 🥀",Buồn bã
"Tự nhiên sếp khen cái project mới, quá đã ✨",Vui vẻ
"Cảm thấy yêu đời quá, vừa chốt được hợp đồng lớn =))",Vui vẻ
Thiệt tình bị sếp ép deadline vô lý. phát rồ 😡,Tức giận
