text,emotion
Mình vừa nhận được học bổng thật sự hạnh phúc,vui
Hôm nay mình được điểm cao trong bài kiểm tra,vui
Mình vừa gặp lại một người bạn cũ cảm thấy hạnh phúc,vui
Được đi chơi cùng gia đình khiến mình thấy yêu đời,vui
Nhận được lời khen từ thầy cô làm mình phấn khởi,vui
Trời nắng đẹp mình thấy tâm trạng thoải mái,vui
Mình vui vì hoàn thành công việc đúng hạn,vui
Được thưởng thức món ăn yêu thích khiến mình hạnh phúc,vui
Mình vui khi nhận được tin nhắn từ người thân,vui
Hôm nay mình có nhiều năng lượng tích cực,vui
Mình cảm thấy vui khi được giúp đỡ người khác,vui
Được đi du lịch cùng bạn bè khiến mình phấn khởi,vui
Mình vui vì có người lắng nghe tâm sự,vui
Nhận được món quà bất ngờ làm mình hạnh phúc,vui
Mình thấy vui khi trời mưa mát mẻ,vui
Được tham gia hoạt động ngoại khóa khiến mình hào hứng,vui
Mình vui vì có sức khỏe tốt,vui
Hôm nay mình có nhiều niềm vui nhỏ bé,vui
Mình cảm thấy hạnh phúc khi được ở bên gia đình,vui
Được nghe nhạc yêu thích khiến mình vui vẻ,vui
Mình vui khi hoàn thành bài tập khó,vui
Hôm nay mình có một ngày tuyệt vời,vui
Mình thấy vui khi được đi dạo công viên,vui
Được bạn bè khen ngợi khiến mình hạnh phúc,vui
Mình vui vì có thời gian nghỉ ngơi,vui
Hôm nay mình cảm thấy yêu đời hơn,vui
Mình vui khi được tham gia trò chơi thú vị,vui
Được ăn món ngon khiến mình phấn khởi,vui
Mình thấy vui khi được trò chuyện với bạn thân,vui
Hôm nay mình có nhiều tiếng cười,vui
Mình vui vì được học điều mới,vui
Được đi xem phim cùng bạn bè khiến mình hạnh phúc,vui
Mình thấy vui khi trời trong xanh,vui
Hôm nay mình có nhiều khoảnh khắc đáng nhớ,vui
Mình vui khi được nhận lời chúc tốt đẹp,vui
Được tham gia sự kiện thú vị khiến mình phấn khởi,vui
Mình thấy vui khi được chơi thể thao,vui
Hôm nay mình cảm thấy tràn đầy năng lượng,vui
Mình vui vì có người quan tâm,vui
Được nghe câu chuyện hay khiến mình hạnh phúc,vui
Mình thấy vui khi được nghỉ ngơi thoải mái,vui
Hôm nay mình có một trải nghiệm tuyệt vời,vui
Mình vui khi được tham gia lớp học thú vị,vui
Được nhận lời khen từ đồng nghiệp khiến mình phấn khởi,vui
Mình thấy vui khi được đi mua sắm,vui
Hôm nay mình có nhiều niềm vui bất ngờ,vui
Mình vui vì có bạn bè tốt,vui
Được tham gia buổi tiệc khiến mình hạnh phúc,vui
Mình thấy vui khi được nghe nhạc sống,vui
Hôm nay mình có nhiều khoảnh khắc vui vẻ,vui
Mình vui vì được làm điều mình thích,vui
Tôi vừa nhận được một học bổng tôi thực sự hạnh phúc,vui
rất vinh dự,vui
rất tự tin,vui
Hôm nay trời đẹp quá mình thấy yêu đời,vui
Thật là một ngày đẹp trời tôi yêu cuộc sống,vui
mình thấy yêu,vui
"Bạn bè đã giúp mình vượt qua khó khăn, mình rất vui",vui
Bạn bè đã giúp tôi vượt qua khó khăn,vui
mình rất vui,vui
Thật tuyệt khi được thầy cô khen ngợi,vui
Thật tuyệt khi được thầy cô khen ngợi,vui
Mình thấy nhẹ nhõm khi hoàn thành bài tập,vui
Mình cảm thấy hân hoan khi đạt mục tiêu,vui
Tôi rất vui khi đạt được mục tiêu,vui
Mình vui vì được gặp lại bạn cũ,vui
Rất vui được gặp lại anh ấy,vui
Mình thấy hạnh phúc khi gia đình quây quần,vui
Tôi hạnh phúc khi gia đình tôi đi chơi cùng nhau,vui
Mình phấn khởi vì có cơ hội mới,vui
Tôi đang phấn khích vì một cơ hội mới,vui
Mình thấy yêu đời khi nghe nhạc,vui
Tôi yêu cuộc sống khi tôi nghe nhạc,vui
Mình buồn vì không đạt kết quả như mong muốn,buon
Cảm giác cô đơn khiến mình buồn bã,buon
Mình buồn khi nhớ lại chuyện cũ,buon
Thất vọng vì bị bạn bè hiểu lầm,buon
Mình thấy buồn khi không ai quan tâm,buon
Hôm nay mình cảm thấy trống trải,buon
Mình buồn vì không được tham gia hoạt động,buon
Cảm thấy hụt hẫng khi kế hoạch bị hủy,buon
Mình buồn khi không có ai chia sẻ,buon
Thật sự buồn khi bị bỏ rơi,buon
Mình buồn vì không đạt được mục tiêu,buon
Cảm giác thất vọng khiến mình buồn,buon
Mình buồn khi phải xa gia đình,buon
Thật sự buồn khi mất đi người thân,buon
Mình buồn vì không ai hiểu mình,buon
Cảm thấy buồn khi bị từ chối,buon
Mình buồn khi không có bạn bè bên cạnh,buon
Thật sự buồn khi bị lãng quên,buon
Mình buồn vì không được công nhận,buon
Cảm thấy buồn khi bị phê bình,buon
Mình buồn khi không có ai lắng nghe,buon
Thật sự buồn khi bị phản bội,buon
Mình buồn vì không thể thay đổi quá khứ,buon
Cảm thấy buồn khi nhớ lại kỷ niệm,buon
Mình buồn khi không đạt kỳ vọng,buon
Thật sự buồn khi bị bỏ mặc,buon
Mình buồn vì không có động lực,buon
Cảm thấy buồn khi thất bại,buon
Mình buồn khi không có ai động viên,buon
Thật sự buồn khi bị hiểu sai,buon
Mình buồn vì không được tham gia cùng mọi người,buon
Cảm thấy buồn khi bị cô lập,buon
Mình buồn khi không có ai đồng hành,buon
Thật sự buồn khi bị bỏ quên,buon
Mình buồn vì không có niềm vui,buon
Cảm thấy buồn khi bị mất niềm tin,buon
Mình buồn khi không có ai chia sẻ nỗi lòng,buon
Thật sự buồn khi bị bỏ lại phía sau,buon
Mình buồn vì không có sự hỗ trợ,buon
Cảm thấy buồn khi bị thất vọng,buon
Mình buồn khi không có ai quan tâm đến mình,buon
Thật sự buồn khi bị bỏ rơi trong đám đông,buon
Mình buồn vì không có ai đồng cảm,buon
Cảm thấy buồn khi bị bỏ mặc trong im lặng,buon
Mình buồn khi không có ai ở bên,buon
Thật sự buồn khi bị mất đi hy vọng,buon
Mình buồn vì không có sự khích lệ,buon
Cảm thấy buồn khi bị bỏ qua,buon
Mình buồn khi không có ai để nói chuyện,buon
Thật sự buồn khi bị lãng quên trong ký ức,buon
Mình cảm thấy thất vọng vì kết quả thi,buon
Tôi rất thất vọng về kết quả,buon
Không ai hiểu mình cả thật buồn,buon
Không ai hiểu tôi cả buồn lắm,buon
Không ai hiểu mình,buon
Mình buồn vì không đạt kết quả như mong muốn,buon
Cảm giác cô đơn khiến mình buồn bã,buon
Mình buồn khi nhớ lại chuyện cũ,buon
Thất vọng vì bị bạn bè hiểu lầm,buon
Mình thấy buồn khi không ai quan tâm,buon
Hôm nay mình cảm thấy trống trải,buon
Mình buồn vì không được tham gia hoạt động,buon
Cảm thấy hụt hẫng khi kế hoạch bị hủy,buon
Mình buồn khi không có ai chia sẻ,buon
Thật sự buồn khi bị bỏ rơi,buon
Mình buồn vì không đạt được mục tiêu,buon
Cảm giác thất vọng khiến mình buồn,buon
Mình buồn khi phải xa gia đình,buon
Thật sự buồn khi mất đi người thân,buon
Mình buồn vì không ai hiểu mình,buon
Cảm thấy buồn khi bị từ chối,buon
Mình buồn khi không có bạn bè bên cạnh,buon
Thật sự buồn khi bị lãng quên,buon
Mình buồn vì không được công nhận,buon
Cảm thấy buồn khi bị phê bình,buon
Mình buồn khi không có ai lắng nghe,buon
Thật sự buồn khi bị phản bội,buon
Mình buồn vì không thể thay đổi quá khứ,buon
Cảm thấy buồn khi nhớ lại kỷ niệm,buon
Mình buồn khi không đạt kỳ vọng,buon
Thật sự buồn khi bị bỏ mặc,buon
Mình buồn vì không có động lực,buon
Cảm thấy buồn khi thất bại,buon
Mình buồn khi không có ai động viên,buon
Thật sự buồn khi bị hiểu sai,buon
Mình buồn vì không được tham gia cùng mọi người,buon
Cảm thấy buồn khi bị cô lập,buon
Mình buồn khi không có ai đồng hành,buon
Thật sự buồn khi bị bỏ quên,buon
Mình buồn vì không có niềm vui,buon
Cảm thấy buồn khi bị mất niềm tin,buon
Mình buồn khi không có ai chia sẻ nỗi lòng,buon
Thật sự buồn khi bị bỏ lại phía sau,buon
Mình buồn vì không có sự hỗ trợ,buon
Cảm thấy buồn khi bị thất vọng,buon
Mình buồn khi không có ai quan tâm đến mình,buon
Thật sự buồn khi bị bỏ rơi trong đám đông,buon
Mình buồn vì không có ai đồng cảm,buon
Cảm thấy buồn khi bị bỏ mặc trong im lặng,buon
Mình buồn khi không có ai ở bên,buon
Thật sự buồn khi bị mất đi hy vọng,buon
Mình buồn vì không có sự khích lệ,buon
Cảm thấy buồn khi bị bỏ qua,buon
Mình buồn khi không có ai để nói chuyện,buon
Thật sự buồn khi bị lãng quên trong ký ức,buon
Không ai hiểu,buon
Mình chẳng có động lực làm gì,buon
Tôi không có động cơ,buon
Mình thấy cô đơn khi không có ai bên cạnh,buon
Tôi cảm thấy cô đơn khi không có ai bên cạnh,buon
không có gì,buon
Mình buồn vì bị bạn bè bỏ rơi,buon
Tôi buồn vì bạn bè tôi đã bỏ rơi tôi,buon
bạn bè bỏ,buon
Mình thấy hụt hẫng khi không đạt mong muốn,buon
Tôi cảm thấy như tôi đang mất dần trong mong ước của tôi,buon
Mình buồn vì không ai lắng nghe,buon
Tôi buồn vì không có ai lắng nghe,buon
không ai lắng nghe,buon
không ai nghe,buon
Mình cảm thấy trống rỗng,buon
Tôi cảm thấy trống rỗng,buon
Mình thấy chán nản vì thất bại,buon
Tôi mệt mỏi với thất bại rồi,buon
Mình buồn khi nhớ lại chuyện cũ,buon
Tôi buồn khi nhớ về quá khứ,buon
Mình lo lắng về kỳ thi sắp tới,lo_au
Cảm thấy bất an khi nghĩ về tương lai,lo_au
Mình lo sợ sẽ làm sai trong công việc,lo_au
Thật sự căng thẳng khi phải thuyết trình trước lớp,lo_au
Mình thấy lo âu vì sức khỏe không ổn định,lo_au
Mình lo lắng khi không chuẩn bị đủ kiến thức,lo_au
Cảm thấy bất an khi phải ra quyết định quan trọng,lo_au
Mình lo sợ bị thất bại,lo_au
Thật sự lo lắng khi phải đối diện với thử thách mới,lo_au
Mình thấy lo âu khi không có sự hỗ trợ,lo_au
Mình lo lắng về tài chính cá nhân,lo_au
Cảm thấy bất an khi không biết kết quả,lo_au
Mình lo sợ mất đi cơ hội,lo_au
Thật sự lo lắng khi phải làm việc một mình,lo_au
Mình thấy lo âu khi không có kế hoạch rõ ràng,lo_au
Mình lo lắng về mối quan hệ hiện tại,lo_au
Cảm thấy bất an khi phải thay đổi môi trường sống,lo_au
Mình lo sợ không đáp ứng được kỳ vọng,lo_au
Thật sự lo lắng khi phải đối diện với người lạ,lo_au
Mình thấy lo âu khi không có sự chuẩn bị,lo_au
Mình lo lắng về sức khỏe của người thân,lo_au
Cảm thấy bất an khi phải chờ đợi kết quả,lo_au
Mình lo sợ bị mất niềm tin,lo_au
Thật sự lo lắng khi phải chịu trách nhiệm lớn,lo_au
Mình thấy lo âu khi không có sự hướng dẫn,lo_au
Mình lo lắng về công việc mới,lo_au
Cảm thấy bất an khi phải đối diện với áp lực,lo_au
Mình lo sợ bị đánh giá sai,lo_au
Thật sự lo lắng khi không có sự chuẩn bị kỹ càng,lo_au
Mình thấy lo âu khi phải làm việc nhóm,lo_au
Mình lo lắng về sự thay đổi bất ngờ,lo_au
Cảm thấy bất an khi không có sự kiểm soát,lo_au
Mình lo sợ bị mất cơ hội thăng tiến,lo_au
Thật sự lo lắng khi phải đối diện với thử thách khó,lo_au
Mình thấy lo âu khi không có sự khích lệ,lo_au
Mình lo lắng về kết quả học tập,lo_au
Cảm thấy bất an khi phải đối diện với sự thật,lo_au
Mình lo sợ bị bỏ lại phía sau,lo_au
Thật sự lo lắng khi không có sự đồng hành,lo_au
Mình thấy lo âu khi phải đối diện với thất bại,lo_au
Mình lo lắng về việc làm sai quyết định,lo_au
Cảm thấy bất an khi không có sự chắc chắn,lo_au
Mình lo sợ bị mất đi sự tin tưởng,lo_au
Thật sự lo lắng khi phải đối diện với áp lực lớn,lo_au
Mình thấy lo âu khi không có sự hỗ trợ tinh thần,lo_au
Mình lo lắng về việc không đạt mục tiêu,lo_au
Cảm thấy bất an khi phải đối diện với thay đổi,lo_au
Mình lo sợ bị mất đi cơ hội học tập,lo_au
Thật sự lo lắng khi phải đối diện với thử thách mới mẻ,lo_au
Mình thấy lo âu khi không có sự chuẩn bị đầy đủ,lo_au
Ngày mai thuyết trình mình lo quá,lo_au
Tôi lo lắng về bài thuyết trình ngày mai,lo_au
Mình sợ không kịp deadline,lo_au
Tôi sợ quá giới hạn,lo_au
sợ không kịp,lo_au
Áp lực học tập khiến mình mất ngủ,lo_au
Những áp lực của quá trình học tập khiến tôi mất ngủ,lo_au
Mình lo lắng về tương lai,lo_au
Tôi lo lắng về tương lai,lo_au
Mình căng thẳng vì phải làm nhiều việc cùng lúc,lo_au
Tôi lo lắng bởi vì tôi phải làm rất nhiều việc cùng một lúc,lo_au
Mình thấy bất an khi chưa chuẩn bị đủ,lo_au
Tôi cảm thấy bất an khi tôi chưa đủ chuẩn bị,lo_au
Mình lo vì không biết kết quả ra sao,lo_au
Tôi lo lắng vì tôi không biết chuyện gì đang xảy ra,lo_au
Mình căng thẳng khi bị đánh giá,lo_au
Tôi căng thẳng khi bị phán xét,lo_au
Mình lo lắng vì tài chính,lo_au
Tôi lo lắng về tài chính,lo_au
Mình thấy áp lực khi phải cạnh tranh,lo_au
Tôi cảm nhận được áp lực của sự cạnh tranh,lo_au
Mình tức giận vì bị đối xử bất công,gian_du
Thật sự bực mình khi bị hiểu lầm,gian_du
Mình nổi giận khi người khác không giữ lời hứa,gian_du
Mình tức giận khi bị xúc phạm,gian_du
Thật sự bực tức khi bị coi thường,gian_du
Mình giận dữ vì bị lừa dối,gian_du
Mình tức giận khi bị bỏ qua,gian_du
Thật sự bực mình khi bị chế giễu,gian_du
Mình nổi giận khi bị phản bội,gian_du
Mình tức giận vì bị phê bình không công bằng,gian_du
Thật sự bực tức khi bị coi nhẹ,gian_du
Mình giận dữ khi bị người khác lợi dụng,gian_du
Mình tức giận khi bị bỏ rơi,gian_du
Thật sự bực mình khi bị xúc phạm trước mặt mọi người,gian_du
Mình nổi giận khi bị cản trở,gian_du
Mình tức giận vì bị lãng quên,gian_du
Thật sự bực tức khi bị coi thường ý kiến,gian_du
Mình giận dữ khi bị người khác xem thường,gian_du
Mình tức giận khi bị bỏ mặc,gian_du
Thật sự bực mình khi bị đối xử thiếu tôn trọng,gian_du
Mình nổi giận khi bị lừa gạt,gian_du
Mình tức giận vì bị phán xét sai,gian_du
Thật sự bực tức khi bị coi thường công sức,gian_du
Mình giận dữ khi bị người khác xúc phạm,gian_du
Mình tức giận khi bị bỏ lại phía sau,gian_du
Thật sự bực mình khi bị coi thường năng lực,gian_du
Mình nổi giận khi bị phản đối vô lý,gian_du
Mình tức giận vì bị lãng quên trong nhóm,gian_du
Thật sự bực tức khi bị coi thường giá trị,gian_du
Mình giận dữ khi bị người khác coi thường,gian_du
Mình tức giận khi bị bỏ qua ý kiến,gian_du
Thật sự bực mình khi bị coi thường cảm xúc,gian_du
Mình nổi giận khi bị đối xử thiếu công bằng,gian_du
Mình tức giận vì bị lừa dối trong công việc,gian_du
Thật sự bực tức khi bị coi thường sự cố gắng,gian_du
Mình giận dữ khi bị người khác bỏ mặc,gian_du
Mình tức giận khi bị xúc phạm danh dự,gian_du
Thật sự bực mình khi bị coi thường sự đóng góp,gian_du
Mình nổi giận khi bị phản bội niềm tin,gian_du
Mình tức giận vì bị lãng quên trong tập thể,gian_du
Thật sự bực tức khi bị coi thường trách nhiệm,gian_du
Mình giận dữ khi bị người khác coi thường khả năng,gian_du
Mình tức giận khi bị bỏ rơi trong khó khăn,gian_du
Thật sự bực mình khi bị coi thường sự nỗ lực,gian_du
Mình nổi giận khi bị đối xử thiếu công bằng trong nhóm,gian_du
Mình tức giận vì bị lừa gạt tình cảm,gian_du
Thật sự bực tức khi bị coi thường sự hiện diện,gian_du
Mình giận dữ khi bị người khác xúc phạm công khai,gian_du
Mình tức giận khi bị bỏ mặc trong lúc cần giúp đỡ,gian_du
Thật sự bực mình khi bị coi thường sự quan tâm,gian_du
Mình tức điên vì bị nói xấu,gian_du
Tôi điên vì tôi xấu tính,gian_du
Thật khó chịu khi bị đối xử bất công,gian_du
Thật là khó chịu khi bị đối xử bất công,gian_du
Mình không thể chịu nổi sự vô trách nhiệm đó,gian_du
Tôi không thể chịu được sự chán nản đó,gian_du
Mình giận vì bị bạn bè phản bội,gian_du
Tôi tức giận vì bạn bè đã phản bội tôi,gian_du
Mình thấy bực bội khi bị làm phiền,gian_du
Tôi thấy bực mình khi bị quấy rầy,gian_du
Mình tức giận vì bị lừa dối,gian_du
Tôi tức giận vì tôi đang bị lừa dối,gian_du
bị lừa,gian_du
Mình thấy khó chịu khi bị xem thường,gian_du
Tôi thấy khó chịu khi bị coi thường,gian_du
Mình giận dữ vì bị xúc phạm,gian_du
Tôi tức giận vì tôi bị xúc phạm,gian_du
Mình bực mình vì bị chậm trễ,gian_du
Tôi tức giận vì tôi bị muộn,gian_du
mình bực mình,gian_du
Mình thấy nóng nảy khi bị cản trở,gian_du
Tôi tức giận khi tôi cản đường,gian_du
Hôm nay mình thấy bình thường,trung_tinh
Mọi việc diễn ra như thường lệ,trung_tinh
Mình không cảm thấy gì đặc biệt,trung_tinh
Ngày trôi qua một cách yên ả,trung_tinh
Mình thấy tâm trạng ổn định,trung_tinh
Không có gì mới mẻ,trung_tinh
Mọi thứ diễn ra đúng như dự đoán,trung_tinh
Mình cảm thấy bình thản,trung_tinh
Ngày hôm nay không có gì nổi bật,trung_tinh
Mình thấy mọi chuyện đều ổn,trung_tinh
Không có cảm xúc mạnh mẽ,trung_tinh
Mình cảm thấy mọi thứ đều bình thường,trung_tinh
Ngày hôm nay trôi qua nhẹ nhàng,trung_tinh
Mình thấy không có gì đáng chú ý,trung_tinh
Mọi việc diễn ra đúng kế hoạch,trung_tinh
Mình cảm thấy không vui cũng không buồn,trung_tinh
Ngày hôm nay giống như bao ngày khác,trung_tinh
Mình thấy tâm trạng không thay đổi,trung_tinh
Không có gì khiến mình xúc động,trung_tinh
Mình cảm thấy mọi thứ đều ổn định,trung_tinh
Ngày hôm nay không có gì đặc biệt,trung_tinh
Mình thấy mọi chuyện diễn ra bình thường,trung_tinh
Không có sự kiện nào nổi bật,trung_tinh
Mình cảm thấy không có gì đáng lo,trung_tinh
Ngày hôm nay trôi qua một cách bình lặng,trung_tinh
Mình thấy không có gì bất thường,trung_tinh
Mọi việc diễn ra một cách đều đặn,trung_tinh
Mình cảm thấy không có gì thay đổi,trung_tinh
Ngày hôm nay không có gì mới,trung_tinh
Mình thấy mọi chuyện vẫn như cũ,trung_tinh
Không có cảm xúc đặc biệt,trung_tinh
Mình cảm thấy mọi thứ đều bình ổn,trung_tinh
Ngày hôm nay không có gì đáng nhớ,trung_tinh
Mình thấy mọi việc diễn ra bình lặng,trung_tinh
Không có gì khiến mình vui hay buồn,trung_tinh
Mình cảm thấy mọi thứ đều ổn thỏa,trung_tinh
Ngày hôm nay không có gì khác biệt,trung_tinh
Mình thấy mọi chuyện diễn ra như thường,trung_tinh
Không có gì khiến mình bận tâm,trung_tinh
Mình cảm thấy mọi thứ đều ổn định,trung_tinh
Ngày hôm nay không có gì đáng nói,trung_tinh
Mình thấy mọi việc diễn ra bình thường,trung_tinh
Không có sự thay đổi nào,trung_tinh
Mình cảm thấy không có gì đặc biệt,trung_tinh
Ngày hôm nay trôi qua một cách yên bình,trung_tinh
Mình thấy mọi chuyện vẫn ổn,trung_tinh
Không có gì khiến mình chú ý,trung_tinh
Mình cảm thấy mọi thứ đều bình thản,trung_tinh
Ngày hôm nay không có gì nổi bật,trung_tinh
Mình thấy mọi việc diễn ra đúng như mong đợi,trung_tinh
Ừ mình cũng nghĩ vậy thôi,trung_tinh
Phải tôi cũng nghĩ vậy,trung_tinh
Mình sẽ làm theo kế hoạch,trung_tinh
Tôi sẽ làm theo kế hoạch,trung_tinh
Không có gì đặc biệt xảy ra hôm nay,trung_tinh
Không có gì đặc biệt xảy ra hôm nay,trung_tinh
Không có gì,trung_tinh
Không có gì khác,trung_tinh
"Mình đang đọc sách, bình thường thôi",trung_tinh
Tôi đang đọc bình thường thôi,trung_tinh
Mình thấy mọi thứ ổn định,trung_tinh
Tôi nghĩ mọi thứ đều ổn định,trung_tinh
Mình đồng ý với ý kiến đó,trung_tinh
Tôi đồng ý với ý kiến đó,trung_tinh
Mình sẽ tiếp tục công việc như thường lệ,trung_tinh
Tôi sẽ trở lại làm việc như thường lệ,trung_tinh
Hôm nay cũng như mọi ngày,trung_tinh
Ngày hôm nay cũng giống như ngày nào,trung_tinh
Mình thấy mọi thứ diễn ra bình thường,trung_tinh
Tôi cảm thấy mọi thứ đều bình thường,trung_tinh
Mình không có cảm xúc gì đặc biệt,trung_tinh
Tôi không cảm thấy bất cứ điều gì đặc biệt,trung_tinh
không có cảm xúc,trung_tinh
Mình hy vọng sẽ đạt kết quả tốt trong kỳ thi,hy_vong
Mình mong rằng ngày mai sẽ có tin vui,hy_vong
Mình hy vọng mọi chuyện sẽ diễn ra thuận lợi,hy_vong
Mình mong rằng sức khỏe sẽ tốt hơn,hy_vong
Mình hy vọng sẽ tìm được công việc phù hợp,hy_vong
Mình mong rằng tình bạn này sẽ bền lâu,hy_vong
Mình hy vọng ngày mai trời sẽ đẹp,hy_vong
Mình mong rằng kế hoạch sẽ thành công,hy_vong
Mình hy vọng sẽ có cơ hội mới,hy_vong
Mình mong rằng mọi người sẽ hiểu mình,hy_vong
Mình hy vọng sẽ đạt được mục tiêu,hy_vong
Mình mong rằng gia đình sẽ luôn hạnh phúc,hy_vong
Mình hy vọng sẽ vượt qua thử thách,hy_vong
Mình mong rằng sẽ có nhiều niềm vui,hy_vong
Mình hy vọng sẽ học được nhiều điều mới,hy_vong
Mình mong rằng ngày mai sẽ tốt đẹp hơn,hy_vong
Mình hy vọng sẽ có sự thay đổi tích cực,hy_vong
Mình mong rằng mọi chuyện sẽ ổn thỏa,hy_vong
Mình hy vọng sẽ có thêm động lực,hy_vong
Mình mong rằng sẽ tìm thấy niềm tin,hy_vong
Mình hy vọng sẽ có người đồng hành,hy_vong
Mình mong rằng công việc sẽ thuận lợi,hy_vong
Mình hy vọng sẽ có kết quả khả quan,hy_vong
Mình mong rằng sẽ có thêm cơ hội học tập,hy_vong
Mình hy vọng sẽ được công nhận,hy_vong
Mình mong rằng sẽ có sự khích lệ,hy_vong
Mình hy vọng sẽ đạt được thành công,hy_vong
Mình mong rằng ngày mai sẽ bình yên,hy_vong
Mình hy vọng sẽ có thêm niềm vui nhỏ bé,hy_vong
Mình mong rằng sẽ tìm thấy sự an tâm,hy_vong
Mình hy vọng sẽ có thêm sự hỗ trợ,hy_vong
Mình mong rằng mọi chuyện sẽ sáng sủa hơn,hy_vong
Mình hy vọng sẽ có thêm sự tự tin,hy_vong
Mình mong rằng sẽ có người lắng nghe,hy_vong
Mình hy vọng sẽ có thêm cơ hội phát triển,hy_vong
Mình mong rằng sẽ vượt qua khó khăn,hy_vong
Mình hy vọng sẽ có thêm sự may mắn,hy_vong
Mình mong rằng ngày mai sẽ mang đến niềm vui,hy_vong
Mình hy vọng sẽ có thêm sự kiên nhẫn,hy_vong
Mình mong rằng sẽ có thêm sự động viên,hy_vong
Mình hy vọng sẽ có thêm sự bình an,hy_vong
Mình mong rằng sẽ có thêm sự tin tưởng,hy_vong
Mình hy vọng sẽ có thêm sự tiến bộ,hy_vong
Mình mong rằng sẽ có thêm sự khích lệ từ bạn bè,hy_vong
Mình hy vọng sẽ có thêm sự hỗ trợ từ gia đình,hy_vong
Mình mong rằng sẽ có thêm sự thành công trong học tập,hy_vong
Mình hy vọng sẽ có thêm sự may mắn trong công việc,hy_vong
Mình mong rằng sẽ có thêm sự bình yên trong tâm hồn,hy_vong
Mình hy vọng sẽ có thêm sự tự tin trong cuộc sống,hy_vong
Mình mong rằng sẽ có thêm sự kiên định,hy_vong
Mình hy vọng kỳ thi này sẽ tốt đẹp,hy_vong
Tôi hy vọng điều này sẽ đi tốt,hy_vong
Mình mong chờ một ngày mới nhiều năng lượng,hy_vong
Tôi đang mong chờ một ngày mới với rất nhiều năng lượng,hy_vong
Mình tin rằng mọi chuyện sẽ ổn thôi,hy_vong
Tôi chắc là mọi chuyện sẽ ổn thôi,hy_vong
Mình hy vọng sẽ có cơ hội tốt hơn,hy_vong
Tôi hy vọng có một cơ hội tốt hơn,hy_vong
sẽ có cơ hội,hy_vong
Mình mong rằng bạn bè sẽ luôn bên cạnh,hy_vong
Tôi hy vọng bạn bè tôi sẽ luôn có mặt ở đó,hy_vong
Mình hy vọng sẽ vượt qua khó khăn,hy_vong
Tôi hy vọng sẽ vượt qua được,hy_vong
vượt khó khăn,hy_vong
Mình mong chờ kết quả tích cực,hy_vong
Tôi mong chờ kết quả tích cực,hy_vong
Mình tin rằng mình sẽ làm được,hy_vong
Tôi chắc chắn là tôi có thể làm được,hy_vong
Mình hy vọng ngày mai sẽ khác,hy_vong
Tôi hy vọng ngày mai sẽ khác,hy_vong
ngày mai sẽ khác,hy_vong
Mình mong rằng mọi người sẽ hiểu mình,hy_vong
Tôi hy vọng mọi người đều hiểu tôi,hy_vong
sẽ hiểu mình,hy_vong
Mình thất vọng vì không được chọn vào đội,that_vong
Thật sự chán nản khi nỗ lực không được ghi nhận,that_vong
Mình thấy thất vọng vì kế hoạch không thành công,that_vong
Mình thất vọng khi kết quả không như mong đợi,that_vong
Thật sự buồn khi công sức bị bỏ qua,that_vong
Mình thấy thất vọng vì không đạt mục tiêu,that_vong
Mình thất vọng khi bị từ chối cơ hội,that_vong
Thật sự chán nản khi bị bỏ rơi,that_vong
Mình thấy thất vọng vì không được công nhận,that_vong
Mình thất vọng khi bị phản bội niềm tin,that_vong
Thật sự buồn khi bị lãng quên,that_vong
Mình thấy thất vọng vì không có sự hỗ trợ,that_vong
Mình thất vọng khi bị phán xét sai,that_vong
Thật sự chán nản khi bị coi thường,that_vong
Mình thấy thất vọng vì không có ai đồng hành,that_vong
Mình thất vọng khi bị bỏ mặc,that_vong
Thật sự buồn khi bị coi nhẹ,that_vong
Mình thấy thất vọng vì không có sự khích lệ,that_vong
Mình thất vọng khi bị bỏ lại phía sau,that_vong
Thật sự chán nản khi bị coi thường công sức,that_vong
Mình thấy thất vọng vì không có niềm tin,that_vong
Mình thất vọng khi bị lừa dối,that_vong
Thật sự buồn khi bị coi thường năng lực,that_vong
Mình thấy thất vọng vì không có sự quan tâm,that_vong
Mình thất vọng khi bị bỏ qua ý kiến,that_vong
Thật sự chán nản khi bị coi thường cảm xúc,that_vong
Mình thấy thất vọng vì không có sự khích lệ tinh thần,that_vong
Mình thất vọng khi bị bỏ rơi trong khó khăn,that_vong
Thật sự buồn khi bị coi thường sự cố gắng,that_vong
Mình thấy thất vọng vì không có sự đồng cảm,that_vong
Mình thất vọng khi bị phản đối vô lý,that_vong
Thật sự chán nản khi bị coi thường giá trị,that_vong
Mình thấy thất vọng vì không có sự hỗ trợ từ bạn bè,that_vong
Mình thất vọng khi bị bỏ mặc trong im lặng,that_vong
Thật sự buồn khi bị coi thường sự đóng góp,that_vong
Mình thấy thất vọng vì không có sự khích lệ từ thầy cô,that_vong
Mình thất vọng khi bị lãng quên trong tập thể,that_vong
Thật sự chán nản khi bị coi thường trách nhiệm,that_vong
Mình thấy thất vọng vì không có sự tin tưởng,that_vong
Mình thất vọng khi bị bỏ rơi trong nhóm,that_vong
Thật sự buồn khi bị coi thường sự hiện diện,that_vong
Mình thấy thất vọng vì không có sự khích lệ trong công việc,that_vong
Mình thất vọng khi bị xúc phạm niềm tin,that_vong
Thật sự chán nản khi bị coi thường sự quan tâm,that_vong
Mình thấy thất vọng vì không có sự hỗ trợ từ gia đình,that_vong
Mình thất vọng khi bị bỏ mặc trong lúc cần giúp đỡ,that_vong
Thật sự buồn khi bị coi thường sự nỗ lực,that_vong
Mình thấy thất vọng vì không có sự khích lệ từ đồng nghiệp,that_vong
Mình thất vọng khi bị lãng quên trong ký ức,that_vong
Thật sự chán nản khi bị coi thường sự hiện diện của mình,that_vong
Mình thấy thất vọng vì không ai giúp đỡ,that_vong
Tôi không ai giúp tôi cả,that_vong
Thật sự hụt hẫng khi kết quả không như mong đợi,that_vong
Đó thực sự là một sai lầm khi kết quả không như những gì chúng ta mong đợi,that_vong
Mình mất niềm tin vào bản thân,that_vong
Tôi đã mất niềm tin vào bản thân mình,that_vong
Mình thấy chán nản vì không đạt mục tiêu,that_vong
Tôi chán nản vì tôi không đạt được mục tiêu,that_vong
Mình thất vọng vì bị bỏ qua,that_vong
Tôi thất vọng vì tôi đang bị bỏ qua,that_vong
Mình thấy hụt hẫng khi bị từ chối,that_vong
Tôi cảm thấy như tôi đang mất tích khi tôi bị từ chối,that_vong
Mình thất vọng vì không được công nhận,that_vong
Tôi thất vọng vì tôi không được nhận diện,that_vong
Mình thấy buồn vì bị lãng quên,that_vong
Tôi buồn để bị lãng quên,that_vong
Mình mất hy vọng vào tình huống này,that_vong
Tôi đã mất hy vọng trong tình huống này,that_vong
Mình thấy thất vọng vì không ai quan tâm,that_vong
Tôi chẳng là gì cả,that_vong
vì không ai quan tâm,that_vong
Mình cảm thấy cô đơn khi không có ai bên cạnh,buon
Thật buồn khi phải ăn tối một mình,buon
Mình thấy trống trải vì không có bạn bè chia sẻ,buon
Mình cảm thấy cô đơn khi đi dạo một mình,buon
Thật sự cô đơn khi không ai lắng nghe,buon
Mình thấy cô đơn khi ở nhà một mình,buon
Mình cảm thấy trống rỗng khi không có người thân,buon
Thật buồn khi không ai quan tâm,buon
Mình thấy cô đơn khi không có ai trò chuyện,buon
Mình cảm thấy cô đơn khi phải tự mình vượt qua khó khăn,buon
Thật sự cô đơn khi không có ai đồng hành,buon
Mình thấy trống trải khi không có sự hiện diện của bạn bè,buon
Mình cảm thấy cô đơn khi không có ai động viên,buon
Thật buồn khi phải đối diện với nỗi đau một mình,buon
Mình thấy cô đơn khi không có ai chia sẻ niềm vui,buon
Mình cảm thấy cô đơn khi không có ai ở bên,buon
Thật sự cô đơn khi không có sự quan tâm,buon
Mình thấy trống rỗng khi không có ai đồng cảm,buon
Mình cảm thấy cô đơn khi không có ai hỗ trợ,buon
Thật buồn khi phải đối diện với thử thách một mình,buon
Mình thấy cô đơn khi không có ai hiểu mình,buon
Mình cảm thấy cô đơn khi không có ai lắng nghe tâm sự,buon
Thật sự cô đơn khi không có ai chia sẻ nỗi buồn,buon
Mình thấy trống trải khi không có ai đồng hành trong cuộc sống,buon
Mình cảm thấy cô đơn khi không có ai bên cạnh lúc khó khăn,buon
Thật buồn khi không có ai nhớ đến mình,buon
Mình thấy cô đơn khi không có ai quan tâm đến cảm xúc,buon
Mình cảm thấy cô đơn khi không có ai đồng hành trong hành trình,buon
Thật sự cô đơn khi không có ai chia sẻ niềm tin,buon
Mình thấy trống rỗng khi không có ai động viên tinh thần,buon
Mình cảm thấy cô đơn khi không có ai ở bên trong lúc yếu đuối,buon
Thật buồn khi không có ai chia sẻ niềm vui nhỏ bé,buon
Mình thấy cô đơn khi không có ai đồng hành trong học tập,buon
Mình cảm thấy cô đơn khi không có ai hỗ trợ trong công việc,buon
Thật sự cô đơn khi không có ai chia sẻ hy vọng,buon
Mình thấy trống rỗng khi không có ai quan tâm đến mình,buon
Mình cảm thấy cô đơn khi không có ai lắng nghe câu chuyện,buon
Thật buồn khi không có ai chia sẻ nỗi lo,buon
Mình thấy cô đơn khi không có ai đồng hành trong hành trình dài,buon
Mình cảm thấy cô đơn khi không có ai ở bên trong lúc buồn,buon
Thật sự cô đơn khi không có ai chia sẻ sự cô đơn,buon
Mình thấy trống rỗng khi không có ai đồng cảm với cảm xúc,buon
Mình cảm thấy cô đơn khi không có ai hỗ trợ tinh thần,buon
Thật buồn khi không có ai chia sẻ niềm vui trong cuộc sống,buon
Mình thấy cô đơn khi không có ai đồng hành trong những ngày khó khăn,buon
Mình cảm thấy cô đơn khi không có ai ở bên trong lúc cần,buon
Thật sự cô đơn khi không có ai chia sẻ sự quan tâm,buon
Mình thấy trống rỗng khi không có ai đồng hành trong hành trình học tập,buon
Mình cảm thấy cô đơn khi không có ai hỗ trợ trong lúc yếu đuối,buon
Thật buồn khi không có ai chia sẻ nỗi đau,buon
Mình thấy cô đơn khi không có ai bên cạnh,buon
Tôi cảm thấy cô đơn khi không có ai bên cạnh,buon
Không ai để mình chia sẻ thật sự cô đơn,buon
Mình cảm giác bị bỏ rơi,buon
Tôi cảm thấy đau khổ,buon
Mình thấy trống trải khi ở một mình,buon
Tôi cảm thấy trống rỗng khi ở một mình,buon
thấy trống trải,buon
ở một mình,buon
Mình cần ai đó lắng nghe,buon
Tôi cần ai đó lắng nghe tôi,buon
Mình thấy cô đơn trong đám đông,buon
Tôi cảm thấy cô đơn trong đám đông,buon
Mình cảm thấy bị tách biệt,buon
Mình thấy lạc lõng,buon
Tôi cảm thấy mất mát,buon
thấy lạc lõng,buon
Mình thấy cô đơn khi không có gia đình bên cạnh,buon
Tôi cảm thấy cô đơn khi không có gia đình bên cạnh,buon
không có gia đình,buon
Mình thấy cô đơn khi không ai hiểu mình,buon
Tôi cảm thấy cô đơn khi không ai hiểu tôi,buon
thấy cô đơn,buon
không ai hiểu mình,buon
Mình mệt mỏi sau một ngày dài làm việc,met_moi
Cảm thấy kiệt sức vì thiếu ngủ,met_moi
Mình thấy uể oải không còn năng lượng,met_moi
Mình mệt mỏi khi phải làm việc liên tục,met_moi
Cảm thấy mệt mỏi khi không có thời gian nghỉ ngơi,met_moi
Mình thấy kiệt sức sau buổi học căng thẳng,met_moi
Mình mệt mỏi khi phải suy nghĩ quá nhiều,met_moi
Cảm thấy mệt mỏi khi phải đối diện với áp lực,met_moi
Mình thấy uể oải khi không có động lực,met_moi
Mình mệt mỏi sau khi làm việc quá sức,met_moi
Cảm thấy kiệt sức khi không có sự hỗ trợ,met_moi
Mình thấy mệt mỏi khi phải chịu trách nhiệm lớn,met_moi
Mình mệt mỏi khi không có thời gian cho bản thân,met_moi
Cảm thấy mệt mỏi khi phải làm việc một mình,met_moi
Mình thấy uể oải khi không có sự khích lệ,met_moi
Mình mệt mỏi sau khi trải qua nhiều khó khăn,met_moi
Cảm thấy kiệt sức khi không có sự nghỉ ngơi,met_moi
Mình thấy mệt mỏi khi phải đối diện với thất bại,met_moi
Mình mệt mỏi khi không có sự động viên,met_moi
Cảm thấy mệt mỏi khi phải làm việc dưới áp lực,met_moi
Mình thấy uể oải khi không có sự quan tâm,met_moi
Mình mệt mỏi sau khi học tập căng thẳng,met_moi
Cảm thấy kiệt sức khi không có sự hỗ trợ tinh thần,met_moi
Mình thấy mệt mỏi khi phải đối diện với thử thách,met_moi
Mình mệt mỏi khi không có sự khích lệ từ bạn bè,met_moi
Cảm thấy mệt mỏi khi phải làm việc quá nhiều,met_moi
Mình thấy uể oải khi không có sự nghỉ ngơi đầy đủ,met_moi
Mình mệt mỏi sau khi trải qua ngày dài,met_moi
Cảm thấy kiệt sức khi không có sự động viên,met_moi
Mình thấy mệt mỏi khi phải đối diện với áp lực học tập,met_moi
Mình mệt mỏi khi không có sự hỗ trợ từ gia đình,met_moi
Cảm thấy mệt mỏi khi phải làm việc liên tục không nghỉ,met_moi
Mình thấy uể oải khi không có sự khích lệ tinh thần,met_moi
Mình mệt mỏi sau khi trải qua nhiều thử thách,met_moi
Cảm thấy kiệt sức khi không có sự quan tâm,met_moi
Mình thấy mệt mỏi khi phải đối diện với trách nhiệm,met_moi
Mình mệt mỏi khi không có sự nghỉ ngơi hợp lý,met_moi
Cảm thấy mệt mỏi khi phải làm việc dưới áp lực lớn,met_moi
Mình thấy uể oải khi không có sự hỗ trợ,met_moi
Mình mệt mỏi sau khi học tập quá sức,met_moi
Cảm thấy kiệt sức khi không có sự khích lệ,met_moi
Mình thấy mệt mỏi khi phải đối diện với khó khăn,met_moi
Mình mệt mỏi khi không có sự động viên tinh thần,met_moi
Cảm thấy mệt mỏi khi phải làm việc một cách liên tục,met_moi
Mình thấy uể oải khi không có sự nghỉ ngơi,met_moi
Mình mệt mỏi sau khi trải qua nhiều áp lực,met_moi
Cảm thấy kiệt sức khi không có sự hỗ trợ từ bạn bè,met_moi
Mình thấy mệt mỏi khi phải đối diện với thử thách mới,met_moi
Mình mệt mỏi khi không có sự khích lệ từ thầy cô,met_moi
Cảm thấy mệt mỏi khi phải làm việc quá sức,met_moi
Mình thấy uể oải khi không có sự quan tâm từ người thân,met_moi
Tôi mệt mỏi với việc làm quá nhiều rồi,met_moi
Mình mệt mỏi,met_moi
Cơ thể kiệt sức không còn năng lượng,met_moi
Mình chỉ muốn nghỉ ngơi thôi,met_moi
Tôi chỉ muốn nghỉ ngơi một chút,met_moi
Mình thấy kiệt quệ cả về tinh thần lẫn thể chất,met_moi
Tôi cảm thấy mệt mỏi và xúc động,met_moi
Mình mệt mỏi vì thiếu ngủ,met_moi
Tôi mệt mỏi vì không ngủ rồi,met_moi
Mình thấy mệt vì áp lực công việc,met_moi
Tôi mệt mỏi với áp lực lao động rồi,met_moi
Mình kiệt sức sau một ngày dài,met_moi
Tôi kiệt sức sau một ngày dài mệt mỏi,met_moi
một ngày dài,met_moi
Mình thấy mệt mỏi khi phải cố gắng liên tục,met_moi
Tôi đã quá mệt mỏi với việc cố gắng mọi lúc rồi,met_moi
Mình thấy mệt vì không có thời gian nghỉ,met_moi
Tôi mệt mỏi vì không được nghỉ phép,met_moi
Mình thấy mệt mỏi cả về tâm trí,met_moi
Tôi mệt mỏi với tâm trí rồi,met_moi
Mình biết ơn vì có người luôn động viên,vui
Thật sự trân trọng sự giúp đỡ của bạn bè,vui
Mình cảm thấy may mắn khi có người lắng nghe,vui
Mình biết ơn vì có gia đình luôn bên cạnh,vui
Thật sự hạnh phúc khi được thầy cô chỉ dẫn tận tình,vui
Mình biết ơn vì có bạn bè tốt,vui
Mình cảm thấy may mắn khi có người quan tâm,vui
Mình biết ơn vì có người chia sẻ niềm vui,vui
Thật sự trân trọng sự hỗ trợ từ đồng nghiệp,vui
Mình cảm thấy may mắn khi có người đồng hành,vui
Mình biết ơn vì có người giúp đỡ trong lúc khó khăn,vui
Thật sự hạnh phúc khi có người lắng nghe tâm sự,vui
Mình biết ơn vì có người chia sẻ nỗi buồn,vui
Mình cảm thấy may mắn khi có người động viên,vui
Mình biết ơn vì có người hỗ trợ tinh thần,vui
Thật sự trân trọng sự quan tâm của gia đình,vui
Mình cảm thấy may mắn khi có người khích lệ,vui
Mình biết ơn vì có người chia sẻ hy vọng,vui
Thật sự hạnh phúc khi có người đồng cảm,vui
Mình biết ơn vì có người giúp đỡ trong học tập,vui
Mình cảm thấy may mắn khi có người hỗ trợ công việc,vui
Mình biết ơn vì có người chia sẻ niềm tin,vui
Thật sự trân trọng sự động viên từ bạn bè,vui
Mình cảm thấy may mắn khi có người quan tâm đến mình,vui
Mình biết ơn vì có người hỗ trợ trong lúc yếu đuối,vui
Thật sự hạnh phúc khi có người chia sẻ sự quan tâm,vui
Mình biết ơn vì có người đồng hành trong hành trình,vui
Mình cảm thấy may mắn khi có người lắng nghe câu chuyện,vui
Mình biết ơn vì có người chia sẻ nỗi lo,vui
Thật sự trân trọng sự hỗ trợ từ thầy cô,vui
Mình cảm thấy may mắn khi có người động viên tinh thần,vui
Mình biết ơn vì có người chia sẻ sự bình an,vui
Thật sự hạnh phúc khi có người quan tâm đến cảm xúc,vui
Mình biết ơn vì có người hỗ trợ trong công việc khó khăn,vui
Mình cảm thấy may mắn khi có người chia sẻ sự kiên nhẫn,vui
Mình biết ơn vì có người đồng hành trong học tập,vui
Thật sự trân trọng sự hỗ trợ từ gia đình,vui
Mình cảm thấy may mắn khi có người chia sẻ sự tự tin,vui
Mình biết ơn vì có người động viên trong lúc thất bại,vui
Thật sự hạnh phúc khi có người chia sẻ sự tiến bộ,vui
Mình biết ơn vì có người hỗ trợ trong lúc khó khăn,vui
Mình cảm thấy may mắn khi có người chia sẻ sự bình yên,vui
Mình biết ơn vì có người đồng hành trong cuộc sống,vui
Thật sự trân trọng sự hỗ trợ từ bạn bè thân thiết,vui
Mình cảm thấy may mắn khi có người chia sẻ sự khích lệ,vui
Mình biết ơn vì có người động viên trong lúc yếu đuối,vui
Thật sự hạnh phúc khi có người chia sẻ sự quan tâm chân thành,vui
Mình biết ơn vì có người hỗ trợ trong hành trình dài,vui
Mình cảm thấy may mắn khi có người chia sẻ sự an tâm,vui
Mình biết ơn vì có người đồng hành trong những ngày khó khăn,vui
Mình biết ơn vì có bạn bè luôn bên cạnh,vui
Tôi rất biết ơn về công ty mà tôi luôn có,vui
Thật sự cảm kích khi được giúp đỡ,vui
Tôi rất cảm kích sự giúp đỡ của anh,vui
Mình trân trọng sự hỗ trợ của thầy cô,vui
Tôi đánh giá cao sự ủng hộ của các giáo viên,vui
Mình biết ơn vì gia đình luôn động viên,vui
Tôi rất biết ơn vì gia đình tôi luôn luôn ủng hộ tôi,vui
Mình cảm thấy may mắn vì có người quan tâm,vui
Tôi cảm thấy may mắn mà ai đó quan tâm,vui
Mình biết ơn vì có người lắng nghe,vui
Tôi rất biết ơn vì có người đang lắng nghe,vui
mình biết ơn,vui
Mình cảm thấy hạnh phúc vì được giúp đỡ,vui
Tôi hạnh phúc vì được giúp đỡ,vui
Mình trân trọng tình bạn này,vui
Tôi trân trọng tình yêu này,vui
Mình biết ơn vì có người tin tưởng,vui
Tôi rất biết ơn khi có ai đó tin tưởng tôi,vui
Mình cảm thấy may mắn vì có sự đồng hành,vui
Tôi cảm thấy may mắn có công ty,vui
