Input,Emotion,Topic,Output
Anh em ơi nuôi con mèo mà nó đi mất nên rơi nước mắt,Buồn bã,Sự nghiệp,"Mọi chuyện không như ý muốn chắc chắn làm bạn hụt hẫng nhiều. Đừng gục ngã nhé, luôn có mình ở đây lắng nghe."
Dạo này bị overthinking trước khi ngủ nên hoang mang 😥,Lo âu,Học tập,"Hiểu cảm giác của bạn lúc này. Đừng quá tạo áp lực cho bản thân. Bạn đã làm rất tốt rồi, hãy cho mình chút thời gian nghỉ ngơi."
Mình đứa bạn mượn tiền không trả nên cay thật sự 😡,Tức giận,Dịch vụ,"Trời ơi nghe mà tức dùm á 😡 Thôi hít thở sâu, bơ đi mà sống bạn ơi."
Tôi đứa bạn mượn tiền không trả nên không chịu nổi 😤,Tức giận,Giao thông,"Đúng là bực không chịu được! Thôi mình xả stress bằng cách đi dạo hay nghe nhạc đi, đừng nghĩ tới nó nữa."
Mọi người ơi chốt đơn thành công món đồ ao ước nên không thể tin được 😎,Vui vẻ,Cuộc sống,Nghe bạn kể mà mình cũng thấy vui lây luôn á =)) Tận hưởng khoảnh khắc này nhé!
Mình ship đồ ăn mà thiếu món nên bực mình ghê 🤬,Tức giận,Dịch vụ,"Cục súc lên luôn á =)) Nhưng mà thôi, giận dữ chỉ làm mình mệt thêm. Thả lỏng xíu đi nào."
Hôm nay sợ rớt môn quá nên áp lực thực sự 😰,Lo âu,Giao tiếp xã hội,Tôi rất hiểu sự lo ngại của bạn. Hãy thử chia nhỏ vấn đề ra và xử lý từng phần nhé. Bạn không đơn độc đâu.
Mọi người ơi được crush rủ đi chơi nên Yayyy! =)),Vui vẻ,Công việc,Tuyệt vời quá! Chúc mừng bạn nhé 🎉 Cứ giữ vững phong độ này nha!
Tao mai đi phỏng vấn mà run quá nên lo lắng tột độ huhu,Lo âu,Tương lai,"Hiểu cảm giác của bạn lúc này. Đừng quá tạo áp lực cho bản thân. Bạn đã làm rất tốt rồi, hãy cho mình chút thời gian nghỉ ngơi."
Anh em ơi bị đồng nghiệp nói xấu nên cay thật sự,Tức giận,Giao thông,"Đúng là bực không chịu được! Thôi mình xả stress bằng cách đi dạo hay nghe nhạc đi, đừng nghĩ tới nó nữa."
Dạo này đang đi đường thì bị tạt nước nên cay thật sự 🤬,Tức giận,Mạng xã hội,"Cục súc lên luôn á =)) Nhưng mà thôi, giận dữ chỉ làm mình mệt thêm. Thả lỏng xíu đi nào."
Chời ơi nay đi đường không bị tắc nên hạnh phúc quá 😆,Vui vẻ,Sở thích,Yayyy! Cảm giác lúc này chắc sướng lắm nhỉ. Chúc niềm vui này kéo dài mãi nha!
Dạo này sếp khen cái project mới nên quá đã kaka,Vui vẻ,Công việc,Thật là một tin tốt lành! Sự nỗ lực của bạn đã được đền đáp xứng đáng. (Formal)
Mình không ai hiểu mình nên chẳng muốn làm gì haiz,Buồn bã,Cuộc sống,"Cuộc sống mà, có những lúc thăng trầm. Bạn đã mạnh mẽ lắm rồi, cho phép bản thân nghỉ ngơi một chút đi."
Mình được crush rủ đi chơi nên tuyệt vời 😎,Vui vẻ,Công việc,Yayyy! Cảm giác lúc này chắc sướng lắm nhỉ. Chúc niềm vui này kéo dài mãi nha!
Chời ơi được crush rủ đi chơi nên tuyệt vời ✨,Vui vẻ,Sở thích,Nghe bạn kể mà mình cũng thấy vui lây luôn á =)) Tận hưởng khoảnh khắc này nhé!
Hôm nay bị rớt môn rồi nên chán nản thật sự hic,Buồn bã,Sự nghiệp,Tôi rất tiếc khi nghe về điều này. Hy vọng bạn sớm vượt qua giai đoạn khó khăn này. Thời gian sẽ chữa lành mọi thứ. (Formal)
Chời ơi bị sếp la nên muốn khóc 😢,Buồn bã,Gia đình,"Ôm bạn một cái nha. Buồn thì cứ khóc ra cho nhẹ lòng, rồi ngày mai trời lại sáng thôi."
Anh em ơi đã dặn không ăn hành mà vẫn bỏ hành nên cục súc 💢,Tức giận,Đồng nghiệp,Hiểu sự bức xúc của bạn luôn! Uống ngụm nước lạnh cho hạ hỏa nào. Đừng để mấy chuyện bực mình làm hỏng ngày vui.
Tớ bị overthinking trước khi ngủ nên đổ mồ hôi hột hic,Lo âu,Giao tiếp xã hội,Tôi rất hiểu sự lo ngại của bạn. Hãy thử chia nhỏ vấn đề ra và xử lý từng phần nhé. Bạn không đơn độc đâu.
Hôm nay áp lực đồng trang lứa đè nặng nên nhỡ rớt chắc xỉu ngang 🥲,Lo âu,Tương lai,"Hiểu cảm giác của bạn lúc này. Đừng quá tạo áp lực cho bản thân. Bạn đã làm rất tốt rồi, hãy cho mình chút thời gian nghỉ ngơi."
Chời ơi nay đi đường không bị tắc nên vui cả ngày kaka =)) haha,Vui vẻ,Sở thích,Đỉnh của chóp luôn! Nhớ tự thưởng cho mình một bữa ăn ngon hoặc món quà nhỏ nha.
Tớ không ai hiểu mình nên buồn xíu xiu hic,Buồn bã,Gia đình,"Cuộc sống mà, có những lúc thăng trầm. Bạn đã mạnh mẽ lắm rồi, cho phép bản thân nghỉ ngơi một chút đi."
Chời ơi bị sếp ép deadline vô lý nên phát rồ 🤬,Tức giận,Dịch vụ,"Đúng là bực không chịu được! Thôi mình xả stress bằng cách đi dạo hay nghe nhạc đi, đừng nghĩ tới nó nữa."
Mình sếp khen cái project mới nên tuyệt vời kaka,Vui vẻ,Cuộc sống,Yayyy! Cảm giác lúc này chắc sướng lắm nhỉ. Chúc niềm vui này kéo dài mãi nha!
Mọi người ơi mạng lag lúc đang chơi game nên bực mình ghê 🙄,Tức giận,Mạng xã hội,Sự việc này thực sự không đáng có. Tôi hiểu lý do khiến bạn cảm thấy không hài lòng. Hãy giữ bình tĩnh để xử lý nhé. (Formal)
Anh em ơi sợ rớt môn quá nên nhỡ rớt chắc xỉu ngang,Lo âu,Học tập,"Bình tĩnh nào bạn ơi! Hít một hơi thật sâu nhé. Mọi chuyện rồi sẽ ổn thôi, hãy giải quyết từng việc một."
Hôm nay bị đồng nghiệp nói xấu nên muốn bùng cháy 🤬,Tức giận,Đồng nghiệp,Hiểu sự bức xúc của bạn luôn! Uống ngụm nước lạnh cho hạ hỏa nào. Đừng để mấy chuyện bực mình làm hỏng ngày vui.
Má ơi trời mưa tự nhiên nhớ người yêu cũ nên chẳng muốn làm gì haiz,Buồn bã,Gia đình,"Cuộc sống mà, có những lúc thăng trầm. Bạn đã mạnh mẽ lắm rồi, cho phép bản thân nghỉ ngơi một chút đi."
Tao cảm giác bị tụt hậu so với bạn bè nên trằn trọc mãi mới chợp mắt được 🥲,Lo âu,Tài chính,Tôi rất hiểu sự lo ngại của bạn. Hãy thử chia nhỏ vấn đề ra và xử lý từng phần nhé. Bạn không đơn độc đâu.
Tớ đã dặn không ăn hành mà vẫn bỏ hành nên cay thật sự 🤬,Tức giận,Dịch vụ,"Đúng là bực không chịu được! Thôi mình xả stress bằng cách đi dạo hay nghe nhạc đi, đừng nghĩ tới nó nữa."
Mọi người ơi mai đi phỏng vấn mà run quá nên lo lắng tột độ,Lo âu,Tình cảm,"Overthinking lại ập đến rồi đúng không =)) Bỏ điện thoại xuống, đi xem một tập phim chill chill đi nào."
Anh em ơi sếp khen cái project mới nên tuyệt vời ✨,Vui vẻ,Sở thích,Yayyy! Cảm giác lúc này chắc sướng lắm nhỉ. Chúc niềm vui này kéo dài mãi nha!
Hôm nay sếp khen cái project mới nên không thể tin được haha,Vui vẻ,Sở thích,Tuyệt vời quá! Chúc mừng bạn nhé 🎉 Cứ giữ vững phong độ này nha!
Anh em ơi thấy tài khoản cạn tiền mà hoang mang nên nhỡ rớt chắc xỉu ngang,Lo âu,Học tập,Tôi rất hiểu sự lo ngại của bạn. Hãy thử chia nhỏ vấn đề ra và xử lý từng phần nhé. Bạn không đơn độc đâu.
Chời ơi nay đi làm về mệt quá nên rơi nước mắt,Buồn bã,Gia đình,"Mọi chuyện không như ý muốn chắc chắn làm bạn hụt hẫng nhiều. Đừng gục ngã nhé, luôn có mình ở đây lắng nghe."
Chời ơi bị overthinking trước khi ngủ nên không biết đi đúng hướng không,Lo âu,Học tập,"Bình tĩnh nào bạn ơi! Hít một hơi thật sâu nhé. Mọi chuyện rồi sẽ ổn thôi, hãy giải quyết từng việc một."
Mình khách hàng dời lịch họp sát giờ nên bực mình ghê 🤬,Tức giận,Giao thông,Sự việc này thực sự không đáng có. Tôi hiểu lý do khiến bạn cảm thấy không hài lòng. Hãy giữ bình tĩnh để xử lý nhé. (Formal)
Anh em ơi bài thi được điểm cao nên quá đã 😎,Vui vẻ,Cuộc sống,Yayyy! Cảm giác lúc này chắc sướng lắm nhỉ. Chúc niềm vui này kéo dài mãi nha!
Tự nhiên chốt đơn thành công món đồ ao ước nên quá đã 😎,Vui vẻ,Công việc,Tuyệt vời quá! Chúc mừng bạn nhé 🎉 Cứ giữ vững phong độ này nha!
Tự nhiên được crush rủ đi chơi nên Yayyy! 😆,Vui vẻ,Cuộc sống,Thật là một tin tốt lành! Sự nỗ lực của bạn đã được đền đáp xứng đáng. (Formal)
Mọi người ơi không ai hiểu mình nên thấy trống rỗng 🥀,Buồn bã,Cuộc sống,"Cuộc sống mà, có những lúc thăng trầm. Bạn đã mạnh mẽ lắm rồi, cho phép bản thân nghỉ ngơi một chút đi."
Chời ơi bị sếp la nên rơi nước mắt 💔,Buồn bã,Tình cảm,"Mọi chuyện không như ý muốn chắc chắn làm bạn hụt hẫng nhiều. Đừng gục ngã nhé, luôn có mình ở đây lắng nghe."
Tao chờ mãi không thấy rep tin nhắn nên đổ mồ hôi hột ...,Lo âu,Công việc,"Bình tĩnh nào bạn ơi! Hít một hơi thật sâu nhé. Mọi chuyện rồi sẽ ổn thôi, hãy giải quyết từng việc một."
Tớ nay đi đường không bị tắc nên quá đã 😆,Vui vẻ,Tình cảm,Yayyy! Cảm giác lúc này chắc sướng lắm nhỉ. Chúc niềm vui này kéo dài mãi nha!
Dạo này cảm thấy cô đơn lạc lõng nên mệt mỏi haiz,Buồn bã,Cuộc sống,Tôi rất tiếc khi nghe về điều này. Hy vọng bạn sớm vượt qua giai đoạn khó khăn này. Thời gian sẽ chữa lành mọi thứ. (Formal)
Tao lương về rồi nên vui cả ngày kaka =)) ✨,Vui vẻ,Cuộc sống,Yayyy! Cảm giác lúc này chắc sướng lắm nhỉ. Chúc niềm vui này kéo dài mãi nha!
Dạo này nay đi làm về mệt quá nên buồn xíu xiu 😢,Buồn bã,Cuộc sống,"Mọi chuyện không như ý muốn chắc chắn làm bạn hụt hẫng nhiều. Đừng gục ngã nhé, luôn có mình ở đây lắng nghe."
Mình bị sếp la nên mệt mỏi haiz,Buồn bã,Sự nghiệp,"Mọi chuyện không như ý muốn chắc chắn làm bạn hụt hẫng nhiều. Đừng gục ngã nhé, luôn có mình ở đây lắng nghe."
Tự nhiên nay đi đường không bị tắc nên hạnh phúc quá kaka,Vui vẻ,Cuộc sống,Đỉnh của chóp luôn! Nhớ tự thưởng cho mình một bữa ăn ngon hoặc món quà nhỏ nha.
Tao không ai hiểu mình nên chẳng muốn làm gì hic,Buồn bã,Sự nghiệp,"Cuộc sống mà, có những lúc thăng trầm. Bạn đã mạnh mẽ lắm rồi, cho phép bản thân nghỉ ngơi một chút đi."
Mình lương về rồi nên cảm thấy yêu đời ✨,Vui vẻ,Cuộc sống,Tuyệt vời quá! Chúc mừng bạn nhé 🎉 Cứ giữ vững phong độ này nha!
Tao cảm giác bị tụt hậu so với bạn bè nên đổ mồ hôi hột 😰,Lo âu,Tình cảm,"Bình tĩnh nào bạn ơi! Hít một hơi thật sâu nhé. Mọi chuyện rồi sẽ ổn thôi, hãy giải quyết từng việc một."
Mọi người ơi cảm thấy cô đơn lạc lõng nên buồn xíu xiu 💔,Buồn bã,Gia đình,"Mọi chuyện không như ý muốn chắc chắn làm bạn hụt hẫng nhiều. Đừng gục ngã nhé, luôn có mình ở đây lắng nghe."
Tao đứa bạn mượn tiền không trả nên muốn bùng cháy 🙄,Tức giận,Dịch vụ,Sự việc này thực sự không đáng có. Tôi hiểu lý do khiến bạn cảm thấy không hài lòng. Hãy giữ bình tĩnh để xử lý nhé. (Formal)
Hôm nay bị sếp la nên buồn xíu xiu hic,Buồn bã,Cuộc sống,"Ôm bạn một cái nha. Buồn thì cứ khóc ra cho nhẹ lòng, rồi ngày mai trời lại sáng thôi."
Chời ơi cảm thấy cô đơn lạc lõng nên muốn khóc 💔,Buồn bã,Cuộc sống,Tôi rất tiếc khi nghe về điều này. Hy vọng bạn sớm vượt qua giai đoạn khó khăn này. Thời gian sẽ chữa lành mọi thứ. (Formal)
Tôi nay đi đường không bị tắc nên Yayyy!,Vui vẻ,Tình cảm,Nghe bạn kể mà mình cũng thấy vui lây luôn á =)) Tận hưởng khoảnh khắc này nhé!
Hôm nay cảm giác bị tụt hậu so với bạn bè nên áp lực thực sự 😥,Lo âu,Giao tiếp xã hội,"Overthinking lại ập đến rồi đúng không =)) Bỏ điện thoại xuống, đi xem một tập phim chill chill đi nào."
Tao khối lượng công việc nhiều quá không biết bắt đầu từ đâu nên hoang mang 🥲,Lo âu,Tương lai,"Đừng lo lắng quá. Có khó khăn thì mới có trưởng thành. Cứ làm hết sức mình, kết quả ra sao cũng không hối tiếc."
Tớ sợ rớt môn quá nên sợ hãi 😭,Lo âu,Tài chính,"Hiểu cảm giác của bạn lúc này. Đừng quá tạo áp lực cho bản thân. Bạn đã làm rất tốt rồi, hãy cho mình chút thời gian nghỉ ngơi."
Tự nhiên ship đồ ăn mà thiếu món nên cục súc 😡,Tức giận,Dịch vụ,Hiểu sự bức xúc của bạn luôn! Uống ngụm nước lạnh cho hạ hỏa nào. Đừng để mấy chuyện bực mình làm hỏng ngày vui.
Tao không ai hiểu mình nên tuyệt vọng 😢,Buồn bã,Tình cảm,"Ôm bạn một cái nha. Buồn thì cứ khóc ra cho nhẹ lòng, rồi ngày mai trời lại sáng thôi."
Mọi người ơi cảm thấy cô đơn lạc lõng nên buồn xíu xiu haiz,Buồn bã,Gia đình,"Đừng buồn nữa nha, chuyện cũ bỏ qua, chuyện mới sắp đến. Hãy giữ tinh thần lạc quan lên nào!"
Chời ơi đang đi đường thì bị tạt nước nên điên máu 💢,Tức giận,Giao thông,Sự việc này thực sự không đáng có. Tôi hiểu lý do khiến bạn cảm thấy không hài lòng. Hãy giữ bình tĩnh để xử lý nhé. (Formal)
Hôm nay bị overthinking trước khi ngủ nên đổ mồ hôi hột 😥,Lo âu,Tài chính,"Đừng lo lắng quá. Có khó khăn thì mới có trưởng thành. Cứ làm hết sức mình, kết quả ra sao cũng không hối tiếc."
Tao chờ mãi không thấy rep tin nhắn nên thót tim,Lo âu,Giao tiếp xã hội,"Bình tĩnh nào bạn ơi! Hít một hơi thật sâu nhé. Mọi chuyện rồi sẽ ổn thôi, hãy giải quyết từng việc một."
Tôi bị overthinking trước khi ngủ nên đổ mồ hôi hột 🥲,Lo âu,Công việc,"Bình tĩnh nào bạn ơi! Hít một hơi thật sâu nhé. Mọi chuyện rồi sẽ ổn thôi, hãy giải quyết từng việc một."
Mình đã dặn không ăn hành mà vẫn bỏ hành nên muốn chửi thề 😤,Tức giận,Dịch vụ,"Trời ơi nghe mà tức dùm á 😡 Thôi hít thở sâu, bơ đi mà sống bạn ơi."
Dạo này bị overthinking trước khi ngủ nên hoang mang 😥,Lo âu,Học tập,"Bình tĩnh nào bạn ơi! Hít một hơi thật sâu nhé. Mọi chuyện rồi sẽ ổn thôi, hãy giải quyết từng việc một."
Tớ crush có người yêu nên thấy trống rỗng haiz,Buồn bã,Sự nghiệp,"Ôm bạn một cái nha. Buồn thì cứ khóc ra cho nhẹ lòng, rồi ngày mai trời lại sáng thôi."
Tao bài thi được điểm cao nên cảm thấy yêu đời 😆,Vui vẻ,Công việc,Nghe bạn kể mà mình cũng thấy vui lây luôn á =)) Tận hưởng khoảnh khắc này nhé!
Anh em ơi bị đồng nghiệp nói xấu nên phát rồ 😡,Tức giận,Đồng nghiệp,Sự việc này thực sự không đáng có. Tôi hiểu lý do khiến bạn cảm thấy không hài lòng. Hãy giữ bình tĩnh để xử lý nhé. (Formal)
Mọi người ơi nay đi đường không bị tắc nên cảm thấy yêu đời haha,Vui vẻ,Tình cảm,Thật là một tin tốt lành! Sự nỗ lực của bạn đã được đền đáp xứng đáng. (Formal)
Dạo này mạng lag lúc đang chơi game nên không chịu nổi 🙄,Tức giận,Đồng nghiệp,"Cục súc lên luôn á =)) Nhưng mà thôi, giận dữ chỉ làm mình mệt thêm. Thả lỏng xíu đi nào."
Dạo này tìm được quán cafe ưng ý nên không thể tin được kaka,Vui vẻ,Cuộc sống,Đỉnh của chóp luôn! Nhớ tự thưởng cho mình một bữa ăn ngon hoặc món quà nhỏ nha.
Tao nay đi làm về mệt quá nên tuyệt vọng 🥀,Buồn bã,Cuộc sống,"Mọi chuyện không như ý muốn chắc chắn làm bạn hụt hẫng nhiều. Đừng gục ngã nhé, luôn có mình ở đây lắng nghe."
Chời ơi nghĩ về tương lai mông lung quá nên không biết đi đúng hướng không ...,Lo âu,Công việc,Tôi rất hiểu sự lo ngại của bạn. Hãy thử chia nhỏ vấn đề ra và xử lý từng phần nhé. Bạn không đơn độc đâu.
Má ơi bị overthinking trước khi ngủ nên sợ hãi huhu,Lo âu,Tài chính,"Overthinking lại ập đến rồi đúng không =)) Bỏ điện thoại xuống, đi xem một tập phim chill chill đi nào."
Mình crush có người yêu nên tủi thân ghê hic,Buồn bã,Tình cảm,Tôi rất tiếc khi nghe về điều này. Hy vọng bạn sớm vượt qua giai đoạn khó khăn này. Thời gian sẽ chữa lành mọi thứ. (Formal)
Anh em ơi cứ nghĩ đến chuyện ra trường thất nghiệp là rén nên lo lắng tột độ 😭,Lo âu,Tương lai,"Overthinking lại ập đến rồi đúng không =)) Bỏ điện thoại xuống, đi xem một tập phim chill chill đi nào."
Hôm nay giải quyết xong đống task tồn đọng nên cảm thấy yêu đời 😎,Vui vẻ,Cuộc sống,Tuyệt vời quá! Chúc mừng bạn nhé 🎉 Cứ giữ vững phong độ này nha!
Chời ơi bị đồng nghiệp nói xấu nên điên máu 🙄,Tức giận,Dịch vụ,"Trời ơi nghe mà tức dùm á 😡 Thôi hít thở sâu, bơ đi mà sống bạn ơi."
Tớ khối lượng công việc nhiều quá không biết bắt đầu từ đâu nên nhỡ rớt chắc xỉu ngang 😭,Lo âu,Tài chính,"Đừng lo lắng quá. Có khó khăn thì mới có trưởng thành. Cứ làm hết sức mình, kết quả ra sao cũng không hối tiếc."
Tớ ship đồ ăn mà thiếu món nên muốn chửi thề 😤,Tức giận,Dịch vụ,Hiểu sự bức xúc của bạn luôn! Uống ngụm nước lạnh cho hạ hỏa nào. Đừng để mấy chuyện bực mình làm hỏng ngày vui.
Tớ bị rớt môn rồi nên tủi thân ghê,Buồn bã,Cuộc sống,"Cuộc sống mà, có những lúc thăng trầm. Bạn đã mạnh mẽ lắm rồi, cho phép bản thân nghỉ ngơi một chút đi."
Mọi người ơi không ai hiểu mình nên tuyệt vọng 😔,Buồn bã,Gia đình,"Mọi chuyện không như ý muốn chắc chắn làm bạn hụt hẫng nhiều. Đừng gục ngã nhé, luôn có mình ở đây lắng nghe."
Tự nhiên cảm giác bị tụt hậu so với bạn bè nên sợ hãi 🥲,Lo âu,Tình cảm,Tôi rất hiểu sự lo ngại của bạn. Hãy thử chia nhỏ vấn đề ra và xử lý từng phần nhé. Bạn không đơn độc đâu.
Anh em ơi crush có người yêu nên tuyệt vọng 😔,Buồn bã,Gia đình,"Cuộc sống mà, có những lúc thăng trầm. Bạn đã mạnh mẽ lắm rồi, cho phép bản thân nghỉ ngơi một chút đi."
Má ơi bị sếp ép deadline vô lý nên không chịu nổi,Tức giận,Giao thông,"Trời ơi nghe mà tức dùm á 😡 Thôi hít thở sâu, bơ đi mà sống bạn ơi."
Dạo này bị rớt môn rồi nên thấy trống rỗng 😔,Buồn bã,Gia đình,Tôi rất tiếc khi nghe về điều này. Hy vọng bạn sớm vượt qua giai đoạn khó khăn này. Thời gian sẽ chữa lành mọi thứ. (Formal)
Tôi sếp khen cái project mới nên cảm thấy yêu đời 🥰,Vui vẻ,Tình cảm,Tuyệt vời quá! Chúc mừng bạn nhé 🎉 Cứ giữ vững phong độ này nha!
Hôm nay bị rớt môn rồi nên chẳng muốn làm gì 💔,Buồn bã,Cuộc sống,Tôi rất tiếc khi nghe về điều này. Hy vọng bạn sớm vượt qua giai đoạn khó khăn này. Thời gian sẽ chữa lành mọi thứ. (Formal)
Chời ơi bị rớt môn rồi nên rơi nước mắt haiz,Buồn bã,Tình cảm,"Cuộc sống mà, có những lúc thăng trầm. Bạn đã mạnh mẽ lắm rồi, cho phép bản thân nghỉ ngơi một chút đi."
Tao tìm được quán cafe ưng ý nên vui cả ngày kaka =)) 😆,Vui vẻ,Cuộc sống,Tuyệt vời quá! Chúc mừng bạn nhé 🎉 Cứ giữ vững phong độ này nha!
Hôm nay đã dặn không ăn hành mà vẫn bỏ hành nên bực mình ghê 🔥,Tức giận,Mạng xã hội,Hiểu sự bức xúc của bạn luôn! Uống ngụm nước lạnh cho hạ hỏa nào. Đừng để mấy chuyện bực mình làm hỏng ngày vui.
Mình nuôi con mèo mà nó đi mất nên mệt mỏi,Buồn bã,Sự nghiệp,Tôi rất tiếc khi nghe về điều này. Hy vọng bạn sớm vượt qua giai đoạn khó khăn này. Thời gian sẽ chữa lành mọi thứ. (Formal)
Chời ơi lương về rồi nên Yayyy! 😆,Vui vẻ,Tình cảm,Nghe bạn kể mà mình cũng thấy vui lây luôn á =)) Tận hưởng khoảnh khắc này nhé!
Hôm nay crush có người yêu nên muốn khóc 😢,Buồn bã,Sự nghiệp,Tôi rất tiếc khi nghe về điều này. Hy vọng bạn sớm vượt qua giai đoạn khó khăn này. Thời gian sẽ chữa lành mọi thứ. (Formal)
Chời ơi nuôi con mèo mà nó đi mất nên rơi nước mắt 💔,Buồn bã,Gia đình,"Cuộc sống mà, có những lúc thăng trầm. Bạn đã mạnh mẽ lắm rồi, cho phép bản thân nghỉ ngơi một chút đi."
Mọi người ơi crush có người yêu nên chẳng muốn làm gì ...,Buồn bã,Sự nghiệp,"Cuộc sống mà, có những lúc thăng trầm. Bạn đã mạnh mẽ lắm rồi, cho phép bản thân nghỉ ngơi một chút đi."
Hôm nay nay đi làm về mệt quá nên tuyệt vọng 🥀,Buồn bã,Cuộc sống,Tôi rất tiếc khi nghe về điều này. Hy vọng bạn sớm vượt qua giai đoạn khó khăn này. Thời gian sẽ chữa lành mọi thứ. (Formal)
Tôi bị rớt môn rồi nên buồn xíu xiu hic,Buồn bã,Tình cảm,Tôi rất tiếc khi nghe về điều này. Hy vọng bạn sớm vượt qua giai đoạn khó khăn này. Thời gian sẽ chữa lành mọi thứ. (Formal)
Dạo này nay đi làm về mệt quá nên buồn xíu xiu 🥀,Buồn bã,Cuộc sống,Tôi rất tiếc khi nghe về điều này. Hy vọng bạn sớm vượt qua giai đoạn khó khăn này. Thời gian sẽ chữa lành mọi thứ. (Formal)
Tôi được crush rủ đi chơi nên sướng rơn 😆,Vui vẻ,Tình cảm,Yayyy! Cảm giác lúc này chắc sướng lắm nhỉ. Chúc niềm vui này kéo dài mãi nha!
Chời ơi lương về rồi nên hạnh phúc quá 😎,Vui vẻ,Sở thích,Tuyệt vời quá! Chúc mừng bạn nhé 🎉 Cứ giữ vững phong độ này nha!
Tôi nuôi con mèo mà nó đi mất nên muốn khóc 🥀,Buồn bã,Sự nghiệp,"Mọi chuyện không như ý muốn chắc chắn làm bạn hụt hẫng nhiều. Đừng gục ngã nhé, luôn có mình ở đây lắng nghe."
Tớ bị overthinking trước khi ngủ nên áp lực thực sự 🥲,Lo âu,Giao tiếp xã hội,"Đừng lo lắng quá. Có khó khăn thì mới có trưởng thành. Cứ làm hết sức mình, kết quả ra sao cũng không hối tiếc."
Mọi người ơi bị đồng nghiệp nói xấu nên không chịu nổi 💢,Tức giận,Dịch vụ,"Cục súc lên luôn á =)) Nhưng mà thôi, giận dữ chỉ làm mình mệt thêm. Thả lỏng xíu đi nào."
Hôm nay mai đi phỏng vấn mà run quá nên không biết đi đúng hướng không ...,Lo âu,Tình cảm,"Overthinking lại ập đến rồi đúng không =)) Bỏ điện thoại xuống, đi xem một tập phim chill chill đi nào."
Mọi người ơi cảm thấy cô đơn lạc lõng nên thấy trống rỗng 😔,Buồn bã,Tình cảm,"Đừng buồn nữa nha, chuyện cũ bỏ qua, chuyện mới sắp đến. Hãy giữ tinh thần lạc quan lên nào!"
Mình không ai hiểu mình nên tủi thân ghê 😔,Buồn bã,Cuộc sống,"Cuộc sống mà, có những lúc thăng trầm. Bạn đã mạnh mẽ lắm rồi, cho phép bản thân nghỉ ngơi một chút đi."
Tự nhiên nghĩ về tương lai mông lung quá nên nhỡ rớt chắc xỉu ngang huhu,Lo âu,Tài chính,"Overthinking lại ập đến rồi đúng không =)) Bỏ điện thoại xuống, đi xem một tập phim chill chill đi nào."
Anh em ơi ship đồ ăn mà thiếu món nên không chịu nổi 💢,Tức giận,Đồng nghiệp,"Đúng là bực không chịu được! Thôi mình xả stress bằng cách đi dạo hay nghe nhạc đi, đừng nghĩ tới nó nữa."
Mọi người ơi nay đi đường không bị tắc nên Yayyy! 🎉,Vui vẻ,Cuộc sống,Nghe bạn kể mà mình cũng thấy vui lây luôn á =)) Tận hưởng khoảnh khắc này nhé!
Tao khối lượng công việc nhiều quá không biết bắt đầu từ đâu nên không biết đi đúng hướng không 😥,Lo âu,Công việc,"Bình tĩnh nào bạn ơi! Hít một hơi thật sâu nhé. Mọi chuyện rồi sẽ ổn thôi, hãy giải quyết từng việc một."
Má ơi đứa bạn mượn tiền không trả nên muốn bùng cháy 🤬,Tức giận,Đồng nghiệp,Hiểu sự bức xúc của bạn luôn! Uống ngụm nước lạnh cho hạ hỏa nào. Đừng để mấy chuyện bực mình làm hỏng ngày vui.
Mình bị sếp la nên rơi nước mắt ...,Buồn bã,Gia đình,"Mọi chuyện không như ý muốn chắc chắn làm bạn hụt hẫng nhiều. Đừng gục ngã nhé, luôn có mình ở đây lắng nghe."
Tự nhiên crush có người yêu nên tủi thân ghê 😢,Buồn bã,Tình cảm,Tôi rất tiếc khi nghe về điều này. Hy vọng bạn sớm vượt qua giai đoạn khó khăn này. Thời gian sẽ chữa lành mọi thứ. (Formal)
Mình chờ mãi không thấy rep tin nhắn nên lo lắng tột độ 🥲,Lo âu,Học tập,"Đừng lo lắng quá. Có khó khăn thì mới có trưởng thành. Cứ làm hết sức mình, kết quả ra sao cũng không hối tiếc."
Tự nhiên mạng lag lúc đang chơi game nên phát rồ 😡,Tức giận,Dịch vụ,Hiểu sự bức xúc của bạn luôn! Uống ngụm nước lạnh cho hạ hỏa nào. Đừng để mấy chuyện bực mình làm hỏng ngày vui.
Tớ không ai hiểu mình nên chán nản thật sự 😢,Buồn bã,Cuộc sống,"Đừng buồn nữa nha, chuyện cũ bỏ qua, chuyện mới sắp đến. Hãy giữ tinh thần lạc quan lên nào!"
Anh em ơi ship đồ ăn mà thiếu món nên điên máu 🤬,Tức giận,Dịch vụ,Sự việc này thực sự không đáng có. Tôi hiểu lý do khiến bạn cảm thấy không hài lòng. Hãy giữ bình tĩnh để xử lý nhé. (Formal)
Chời ơi đang đi đường thì bị tạt nước nên muốn bùng cháy 😤,Tức giận,Đồng nghiệp,"Cục súc lên luôn á =)) Nhưng mà thôi, giận dữ chỉ làm mình mệt thêm. Thả lỏng xíu đi nào."
Tao cảm thấy cô đơn lạc lõng nên muốn khóc haiz,Buồn bã,Cuộc sống,"Đừng buồn nữa nha, chuyện cũ bỏ qua, chuyện mới sắp đến. Hãy giữ tinh thần lạc quan lên nào!"
Tao sắp tới deadline rồi mà chưa làm được chữ nào nên không biết đi đúng hướng không ...,Lo âu,Giao tiếp xã hội,Tôi rất hiểu sự lo ngại của bạn. Hãy thử chia nhỏ vấn đề ra và xử lý từng phần nhé. Bạn không đơn độc đâu.
Tớ chốt đơn thành công món đồ ao ước nên anh em ơiii 💸 ✨,Vui vẻ,Sở thích,Yayyy! Cảm giác lúc này chắc sướng lắm nhỉ. Chúc niềm vui này kéo dài mãi nha!
Hôm nay cảm giác bị tụt hậu so với bạn bè nên nhỡ rớt chắc xỉu ngang 🥲,Lo âu,Tài chính,Tôi rất hiểu sự lo ngại của bạn. Hãy thử chia nhỏ vấn đề ra và xử lý từng phần nhé. Bạn không đơn độc đâu.
Mọi người ơi chờ mãi không thấy rep tin nhắn nên đổ mồ hôi hột huhu,Lo âu,Công việc,"Đừng lo lắng quá. Có khó khăn thì mới có trưởng thành. Cứ làm hết sức mình, kết quả ra sao cũng không hối tiếc."
Mọi người ơi nay đi làm về mệt quá nên mệt mỏi 🥀,Buồn bã,Cuộc sống,"Ôm bạn một cái nha. Buồn thì cứ khóc ra cho nhẹ lòng, rồi ngày mai trời lại sáng thôi."
Tớ không ai hiểu mình nên chán nản thật sự hic,Buồn bã,Sự nghiệp,"Mọi chuyện không như ý muốn chắc chắn làm bạn hụt hẫng nhiều. Đừng gục ngã nhé, luôn có mình ở đây lắng nghe."
Tôi bị sếp ép deadline vô lý nên cay thật sự 💢,Tức giận,Dịch vụ,Hiểu sự bức xúc của bạn luôn! Uống ngụm nước lạnh cho hạ hỏa nào. Đừng để mấy chuyện bực mình làm hỏng ngày vui.
Dạo này bị overthinking trước khi ngủ nên trằn trọc mãi mới chợp mắt được 😰,Lo âu,Tương lai,"Đừng lo lắng quá. Có khó khăn thì mới có trưởng thành. Cứ làm hết sức mình, kết quả ra sao cũng không hối tiếc."
Dạo này lương về rồi nên hạnh phúc quá 😎,Vui vẻ,Công việc,Yayyy! Cảm giác lúc này chắc sướng lắm nhỉ. Chúc niềm vui này kéo dài mãi nha!
Chời ơi bị sếp la nên mệt mỏi 😢,Buồn bã,Cuộc sống,"Cuộc sống mà, có những lúc thăng trầm. Bạn đã mạnh mẽ lắm rồi, cho phép bản thân nghỉ ngơi một chút đi."
Hôm nay crush có người yêu nên muốn khóc 🥀,Buồn bã,Gia đình,"Mọi chuyện không như ý muốn chắc chắn làm bạn hụt hẫng nhiều. Đừng gục ngã nhé, luôn có mình ở đây lắng nghe."
Mình cứ nghĩ đến chuyện ra trường thất nghiệp là rén nên tim đập thình thịch ...,Lo âu,Giao tiếp xã hội,"Bình tĩnh nào bạn ơi! Hít một hơi thật sâu nhé. Mọi chuyện rồi sẽ ổn thôi, hãy giải quyết từng việc một."
Chời ơi nghĩ về tương lai mông lung quá nên đổ mồ hôi hột 😭,Lo âu,Học tập,"Đừng lo lắng quá. Có khó khăn thì mới có trưởng thành. Cứ làm hết sức mình, kết quả ra sao cũng không hối tiếc."
Tao đang đi đường thì bị tạt nước nên phát rồ,Tức giận,Giao thông,Sự việc này thực sự không đáng có. Tôi hiểu lý do khiến bạn cảm thấy không hài lòng. Hãy giữ bình tĩnh để xử lý nhé. (Formal)
Chời ơi crush có người yêu nên chẳng muốn làm gì ...,Buồn bã,Tình cảm,"Cuộc sống mà, có những lúc thăng trầm. Bạn đã mạnh mẽ lắm rồi, cho phép bản thân nghỉ ngơi một chút đi."
Tự nhiên chờ mãi không thấy rep tin nhắn nên áp lực thực sự 😥,Lo âu,Tương lai,Tôi rất hiểu sự lo ngại của bạn. Hãy thử chia nhỏ vấn đề ra và xử lý từng phần nhé. Bạn không đơn độc đâu.
Tớ bị sếp la nên tủi thân ghê,Buồn bã,Cuộc sống,"Mọi chuyện không như ý muốn chắc chắn làm bạn hụt hẫng nhiều. Đừng gục ngã nhé, luôn có mình ở đây lắng nghe."
Tao đang đi đường thì bị tạt nước nên cay thật sự 🙄,Tức giận,Đồng nghiệp,"Cục súc lên luôn á =)) Nhưng mà thôi, giận dữ chỉ làm mình mệt thêm. Thả lỏng xíu đi nào."
Tao được crush rủ đi chơi nên anh em ơiii 💸 🥰,Vui vẻ,Sở thích,Tuyệt vời quá! Chúc mừng bạn nhé 🎉 Cứ giữ vững phong độ này nha!
Mình chốt đơn thành công món đồ ao ước nên Yayyy! haha,Vui vẻ,Sở thích,Yayyy! Cảm giác lúc này chắc sướng lắm nhỉ. Chúc niềm vui này kéo dài mãi nha!
Mọi người ơi cảm thấy cô đơn lạc lõng nên chán nản thật sự ...,Buồn bã,Tình cảm,Tôi rất tiếc khi nghe về điều này. Hy vọng bạn sớm vượt qua giai đoạn khó khăn này. Thời gian sẽ chữa lành mọi thứ. (Formal)
Tự nhiên bị overthinking trước khi ngủ nên lo lắng tột độ 😭,Lo âu,Công việc,Tôi rất hiểu sự lo ngại của bạn. Hãy thử chia nhỏ vấn đề ra và xử lý từng phần nhé. Bạn không đơn độc đâu.
Mọi người ơi không biết ngày mai sẽ ra sao nên hoang mang hic,Lo âu,Giao tiếp xã hội,Tôi rất hiểu sự lo ngại của bạn. Hãy thử chia nhỏ vấn đề ra và xử lý từng phần nhé. Bạn không đơn độc đâu.
Dạo này nay đi đường không bị tắc nên anh em ơiii 💸 kaka,Vui vẻ,Công việc,Tuyệt vời quá! Chúc mừng bạn nhé 🎉 Cứ giữ vững phong độ này nha!
Tự nhiên cảm thấy cô đơn lạc lõng nên buồn xíu xiu 💔,Buồn bã,Gia đình,"Mọi chuyện không như ý muốn chắc chắn làm bạn hụt hẫng nhiều. Đừng gục ngã nhé, luôn có mình ở đây lắng nghe."
Tớ crush có người yêu nên chán nản thật sự hic,Buồn bã,Cuộc sống,"Đừng buồn nữa nha, chuyện cũ bỏ qua, chuyện mới sắp đến. Hãy giữ tinh thần lạc quan lên nào!"
Tự nhiên crush có người yêu nên chẳng muốn làm gì 😔,Buồn bã,Gia đình,Tôi rất tiếc khi nghe về điều này. Hy vọng bạn sớm vượt qua giai đoạn khó khăn này. Thời gian sẽ chữa lành mọi thứ. (Formal)
Tớ đứa bạn mượn tiền không trả nên phát rồ 🔥,Tức giận,Mạng xã hội,Sự việc này thực sự không đáng có. Tôi hiểu lý do khiến bạn cảm thấy không hài lòng. Hãy giữ bình tĩnh để xử lý nhé. (Formal)
Mọi người ơi không ai hiểu mình nên thấy trống rỗng haiz,Buồn bã,Cuộc sống,"Đừng buồn nữa nha, chuyện cũ bỏ qua, chuyện mới sắp đến. Hãy giữ tinh thần lạc quan lên nào!"
Dạo này bài thi được điểm cao nên tuyệt vời 🥰,Vui vẻ,Công việc,Nghe bạn kể mà mình cũng thấy vui lây luôn á =)) Tận hưởng khoảnh khắc này nhé!
Tớ được crush rủ đi chơi nên vui xỉu 😆,Vui vẻ,Công việc,Thật là một tin tốt lành! Sự nỗ lực của bạn đã được đền đáp xứng đáng. (Formal)
Tôi bài thi được điểm cao nên anh em ơiii 💸 😆,Vui vẻ,Cuộc sống,Yayyy! Cảm giác lúc này chắc sướng lắm nhỉ. Chúc niềm vui này kéo dài mãi nha!
Chời ơi lương về rồi nên hạnh phúc quá 🥰,Vui vẻ,Sở thích,Yayyy! Cảm giác lúc này chắc sướng lắm nhỉ. Chúc niềm vui này kéo dài mãi nha!
Anh em ơi trời mưa tự nhiên nhớ người yêu cũ nên chán nản thật sự 😔,Buồn bã,Gia đình,"Cuộc sống mà, có những lúc thăng trầm. Bạn đã mạnh mẽ lắm rồi, cho phép bản thân nghỉ ngơi một chút đi."
Hôm nay trời mưa tự nhiên nhớ người yêu cũ nên buồn xíu xiu ...,Buồn bã,Sự nghiệp,"Mọi chuyện không như ý muốn chắc chắn làm bạn hụt hẫng nhiều. Đừng gục ngã nhé, luôn có mình ở đây lắng nghe."
Tao bài thi được điểm cao nên quá đã =)),Vui vẻ,Cuộc sống,Đỉnh của chóp luôn! Nhớ tự thưởng cho mình một bữa ăn ngon hoặc món quà nhỏ nha.
Mọi người ơi nuôi con mèo mà nó đi mất nên chán nản thật sự 😔,Buồn bã,Tình cảm,"Ôm bạn một cái nha. Buồn thì cứ khóc ra cho nhẹ lòng, rồi ngày mai trời lại sáng thôi."
Hôm nay nay đi làm về mệt quá nên thấy trống rỗng haiz,Buồn bã,Tình cảm,"Ôm bạn một cái nha. Buồn thì cứ khóc ra cho nhẹ lòng, rồi ngày mai trời lại sáng thôi."
Tớ mai đi phỏng vấn mà run quá nên trằn trọc mãi mới chợp mắt được huhu,Lo âu,Tài chính,"Hiểu cảm giác của bạn lúc này. Đừng quá tạo áp lực cho bản thân. Bạn đã làm rất tốt rồi, hãy cho mình chút thời gian nghỉ ngơi."
Mọi người ơi nghĩ về tương lai mông lung quá nên hoang mang 😰,Lo âu,Tương lai,"Đừng lo lắng quá. Có khó khăn thì mới có trưởng thành. Cứ làm hết sức mình, kết quả ra sao cũng không hối tiếc."
Anh em ơi nay đi làm về mệt quá nên mệt mỏi 😔,Buồn bã,Tình cảm,"Mọi chuyện không như ý muốn chắc chắn làm bạn hụt hẫng nhiều. Đừng gục ngã nhé, luôn có mình ở đây lắng nghe."
Tao đã dặn không ăn hành mà vẫn bỏ hành nên phát rồ 😡,Tức giận,Đồng nghiệp,"Đúng là bực không chịu được! Thôi mình xả stress bằng cách đi dạo hay nghe nhạc đi, đừng nghĩ tới nó nữa."
Tao sợ rớt môn quá nên sợ hãi 😭,Lo âu,Học tập,"Bình tĩnh nào bạn ơi! Hít một hơi thật sâu nhé. Mọi chuyện rồi sẽ ổn thôi, hãy giải quyết từng việc một."
Tớ mạng lag lúc đang chơi game nên tức á 😡,Tức giận,Giao thông,"Đúng là bực không chịu được! Thôi mình xả stress bằng cách đi dạo hay nghe nhạc đi, đừng nghĩ tới nó nữa."
Mình mai đi phỏng vấn mà run quá nên nhỡ rớt chắc xỉu ngang 😰,Lo âu,Giao tiếp xã hội,"Hiểu cảm giác của bạn lúc này. Đừng quá tạo áp lực cho bản thân. Bạn đã làm rất tốt rồi, hãy cho mình chút thời gian nghỉ ngơi."
Dạo này đang đi đường thì bị tạt nước nên tức á 💢,Tức giận,Giao thông,Hiểu sự bức xúc của bạn luôn! Uống ngụm nước lạnh cho hạ hỏa nào. Đừng để mấy chuyện bực mình làm hỏng ngày vui.
Tao bị rớt môn rồi nên tuyệt vọng 😢,Buồn bã,Gia đình,"Mọi chuyện không như ý muốn chắc chắn làm bạn hụt hẫng nhiều. Đừng gục ngã nhé, luôn có mình ở đây lắng nghe."
Tôi đứa bạn mượn tiền không trả nên điên máu 🤬,Tức giận,Giao thông,Hiểu sự bức xúc của bạn luôn! Uống ngụm nước lạnh cho hạ hỏa nào. Đừng để mấy chuyện bực mình làm hỏng ngày vui.
Tao đã dặn không ăn hành mà vẫn bỏ hành nên muốn chửi thề 🙄,Tức giận,Mạng xã hội,Sự việc này thực sự không đáng có. Tôi hiểu lý do khiến bạn cảm thấy không hài lòng. Hãy giữ bình tĩnh để xử lý nhé. (Formal)
Hôm nay khách hàng dời lịch họp sát giờ nên bực mình ghê 💢,Tức giận,Mạng xã hội,"Trời ơi nghe mà tức dùm á 😡 Thôi hít thở sâu, bơ đi mà sống bạn ơi."
Má ơi đã dặn không ăn hành mà vẫn bỏ hành nên điên máu 🙄,Tức giận,Mạng xã hội,"Cục súc lên luôn á =)) Nhưng mà thôi, giận dữ chỉ làm mình mệt thêm. Thả lỏng xíu đi nào."
Hôm nay lương về rồi nên vui xỉu =)),Vui vẻ,Tình cảm,Thật là một tin tốt lành! Sự nỗ lực của bạn đã được đền đáp xứng đáng. (Formal)
Mình được crush rủ đi chơi nên hạnh phúc quá ✨,Vui vẻ,Sở thích,Yayyy! Cảm giác lúc này chắc sướng lắm nhỉ. Chúc niềm vui này kéo dài mãi nha!
Chời ơi đang đi đường thì bị tạt nước nên cay thật sự 🔥,Tức giận,Giao thông,Sự việc này thực sự không đáng có. Tôi hiểu lý do khiến bạn cảm thấy không hài lòng. Hãy giữ bình tĩnh để xử lý nhé. (Formal)
Mình không ai hiểu mình nên tủi thân ghê,Buồn bã,Gia đình,"Đừng buồn nữa nha, chuyện cũ bỏ qua, chuyện mới sắp đến. Hãy giữ tinh thần lạc quan lên nào!"
Dạo này ship đồ ăn mà thiếu món nên không chịu nổi 🤬,Tức giận,Dịch vụ,"Đúng là bực không chịu được! Thôi mình xả stress bằng cách đi dạo hay nghe nhạc đi, đừng nghĩ tới nó nữa."
Má ơi trời mưa tự nhiên nhớ người yêu cũ nên buồn xíu xiu 😢,Buồn bã,Gia đình,"Cuộc sống mà, có những lúc thăng trầm. Bạn đã mạnh mẽ lắm rồi, cho phép bản thân nghỉ ngơi một chút đi."
Hôm nay áp lực đồng trang lứa đè nặng nên tim đập thình thịch huhu,Lo âu,Học tập,"Đừng lo lắng quá. Có khó khăn thì mới có trưởng thành. Cứ làm hết sức mình, kết quả ra sao cũng không hối tiếc."
Tôi bị sếp la nên tủi thân ghê 😢,Buồn bã,Sự nghiệp,Tôi rất tiếc khi nghe về điều này. Hy vọng bạn sớm vượt qua giai đoạn khó khăn này. Thời gian sẽ chữa lành mọi thứ. (Formal)
Chời ơi không ai hiểu mình nên mệt mỏi 😢,Buồn bã,Cuộc sống,"Ôm bạn một cái nha. Buồn thì cứ khóc ra cho nhẹ lòng, rồi ngày mai trời lại sáng thôi."
Dạo này nay đi làm về mệt quá nên tuyệt vọng 😔,Buồn bã,Gia đình,"Cuộc sống mà, có những lúc thăng trầm. Bạn đã mạnh mẽ lắm rồi, cho phép bản thân nghỉ ngơi một chút đi."
Tự nhiên được crush rủ đi chơi nên vui xỉu 🎉,Vui vẻ,Công việc,Yayyy! Cảm giác lúc này chắc sướng lắm nhỉ. Chúc niềm vui này kéo dài mãi nha!
Mọi người ơi được crush rủ đi chơi nên vui cả ngày kaka =)) haha,Vui vẻ,Sở thích,Yayyy! Cảm giác lúc này chắc sướng lắm nhỉ. Chúc niềm vui này kéo dài mãi nha!
Tự nhiên crush có người yêu nên tủi thân ghê haiz,Buồn bã,Cuộc sống,"Cuộc sống mà, có những lúc thăng trầm. Bạn đã mạnh mẽ lắm rồi, cho phép bản thân nghỉ ngơi một chút đi."
Tao giải quyết xong đống task tồn đọng nên cảm thấy yêu đời haha,Vui vẻ,Cuộc sống,Yayyy! Cảm giác lúc này chắc sướng lắm nhỉ. Chúc niềm vui này kéo dài mãi nha!
Mình thấy tài khoản cạn tiền mà hoang mang nên thót tim ...,Lo âu,Học tập,"Bình tĩnh nào bạn ơi! Hít một hơi thật sâu nhé. Mọi chuyện rồi sẽ ổn thôi, hãy giải quyết từng việc một."
Hôm nay lương về rồi nên anh em ơiii 💸 😎,Vui vẻ,Sở thích,Thật là một tin tốt lành! Sự nỗ lực của bạn đã được đền đáp xứng đáng. (Formal)
Mình khách hàng dời lịch họp sát giờ nên không chịu nổi,Tức giận,Đồng nghiệp,Hiểu sự bức xúc của bạn luôn! Uống ngụm nước lạnh cho hạ hỏa nào. Đừng để mấy chuyện bực mình làm hỏng ngày vui.
Tự nhiên tìm được quán cafe ưng ý nên cảm thấy yêu đời 🥰,Vui vẻ,Sở thích,Tuyệt vời quá! Chúc mừng bạn nhé 🎉 Cứ giữ vững phong độ này nha!
Tự nhiên thấy tài khoản cạn tiền mà hoang mang nên hoang mang hic,Lo âu,Học tập,"Hiểu cảm giác của bạn lúc này. Đừng quá tạo áp lực cho bản thân. Bạn đã làm rất tốt rồi, hãy cho mình chút thời gian nghỉ ngơi."
Tôi nghĩ về tương lai mông lung quá nên không biết đi đúng hướng không 😰,Lo âu,Tương lai,"Bình tĩnh nào bạn ơi! Hít một hơi thật sâu nhé. Mọi chuyện rồi sẽ ổn thôi, hãy giải quyết từng việc một."
Má ơi bị sếp la nên muốn khóc 🥀,Buồn bã,Sự nghiệp,"Cuộc sống mà, có những lúc thăng trầm. Bạn đã mạnh mẽ lắm rồi, cho phép bản thân nghỉ ngơi một chút đi."
Mọi người ơi nay đi làm về mệt quá nên tuyệt vọng 🥀,Buồn bã,Gia đình,"Mọi chuyện không như ý muốn chắc chắn làm bạn hụt hẫng nhiều. Đừng gục ngã nhé, luôn có mình ở đây lắng nghe."
Dạo này đứa bạn mượn tiền không trả nên muốn bùng cháy 😡,Tức giận,Dịch vụ,Sự việc này thực sự không đáng có. Tôi hiểu lý do khiến bạn cảm thấy không hài lòng. Hãy giữ bình tĩnh để xử lý nhé. (Formal)
Tao nuôi con mèo mà nó đi mất nên rơi nước mắt 🥀,Buồn bã,Gia đình,Tôi rất tiếc khi nghe về điều này. Hy vọng bạn sớm vượt qua giai đoạn khó khăn này. Thời gian sẽ chữa lành mọi thứ. (Formal)
Hôm nay bị sếp la. Cảm thấy như người mất hồn 💔,Buồn bã,Mất mát,Tôi rất tiếc khi nghe về điều này. Hy vọng bạn sớm vượt qua giai đoạn khó khăn này. Thời gian sẽ chữa lành mọi thứ. (Formal)
Anh em ơi bị hủy chuyến du lịch phút chót. Cảm thấy thấy trống rỗng ...,Buồn bã,Tình cảm,Mọi việc xảy ra đều có lý do của nó. Cứ chầm chậm lại một chút để trái tim được xoa dịu nha bạn.
Góc than vãn: gõ xong đoạn text dài mà chưa kịp save bị cúp điện. Cảm thấy không chịu nổi 👎,Tức giận,Giao thông,"Cục súc lên luôn á =)) Nhưng mà thôi, giận dữ chỉ làm mình mệt thêm. Thả lỏng xíu đi nào."
Dạo này áp lực đồng trang lứa đè nặng. Cảm thấy thấy bất an ghê 😥,Lo âu,Công việc,"Cảm giác chênh vênh này ai cũng từng trải qua. Đừng ép mình phải hoàn hảo ngay lập tức, tiến bộ từng chút một là được rồi."
Dạo này chuẩn bị thuyết trình mà quên mang theo slide. Cảm thấy trằn trọc mãi mới chợp mắt được 😭,Lo âu,Sức khỏe,"Đừng lo lắng quá. Có khó khăn thì mới có trưởng thành. Cứ làm hết sức mình, kết quả ra sao cũng không hối tiếc."
Tôi bị rớt môn rồi. Cảm thấy thấy trống rỗng 😞,Buồn bã,Gia đình,"Đừng buồn nữa nha, chuyện cũ bỏ qua, chuyện mới sắp đến. Hãy giữ tinh thần lạc quan lên nào!"
Chời ơi vừa chốt được hợp đồng lớn. Cảm thấy tuyệt vời 🥰,Vui vẻ,Tình cảm,Đỉnh của chóp luôn! Nhớ tự thưởng cho mình một bữa ăn ngon hoặc món quà nhỏ nha.
Mình cảm giác bị tụt hậu so với bạn bè. Cảm thấy áp lực thực sự 😰,Lo âu,Tình cảm,"Đừng lo lắng quá. Có khó khăn thì mới có trưởng thành. Cứ làm hết sức mình, kết quả ra sao cũng không hối tiếc."
Hôm nay bị trừ lương vì đi trễ. Cảm thấy muốn khóc 😞,Buồn bã,Gia đình,"Mọi chuyện không như ý muốn chắc chắn làm bạn hụt hẫng nhiều. Đừng gục ngã nhé, luôn có mình ở đây lắng nghe."
Tôi cứ nghĩ đến chuyện ra trường thất nghiệp là rén. Cảm thấy toát mồ hôi 🥲,Lo âu,Học tập,"Hiểu cảm giác của bạn lúc này. Đừng quá tạo áp lực cho bản thân. Bạn đã làm rất tốt rồi, hãy cho mình chút thời gian nghỉ ngơi."
Má ơi nuôi con mèo mà nó đi mất. Cảm thấy muốn khóc 🥀,Buồn bã,Sự nghiệp,"Ôm bạn một cái nha. Buồn thì cứ khóc ra cho nhẹ lòng, rồi ngày mai trời lại sáng thôi."
Má ơi gõ xong đoạn text dài mà chưa kịp save bị cúp điện. Cảm thấy tức phát khóc 🔥,Tức giận,Gia đình,"Đúng là bực không chịu được! Thôi mình xả stress bằng cách đi dạo hay nghe nhạc đi, đừng nghĩ tới nó nữa."
Mọi người ơi sếp khen cái project mới. Cảm thấy Yayyy! ✌️,Vui vẻ,Tình cảm,Nghe bạn kể mà mình cũng thấy vui lây luôn á =)) Tận hưởng khoảnh khắc này nhé!
Tôi bị hủy chuyến du lịch phút chót. Cảm thấy thấy trống rỗng 💔,Buồn bã,Mất mát,"Mọi chuyện không như ý muốn chắc chắn làm bạn hụt hẫng nhiều. Đừng gục ngã nhé, luôn có mình ở đây lắng nghe."
Má ơi bị hủy chuyến du lịch phút chót. Cảm thấy muốn khóc 🥀,Buồn bã,Sự nghiệp,Tôi rất tiếc khi nghe về điều này. Hy vọng bạn sớm vượt qua giai đoạn khó khăn này. Thời gian sẽ chữa lành mọi thứ. (Formal)
Tôi bị nói xấu sau lưng. Cảm thấy tủi thân ghê 😔,Buồn bã,Mất mát,Mọi việc xảy ra đều có lý do của nó. Cứ chầm chậm lại một chút để trái tim được xoa dịu nha bạn.
Tự nhiên mạng lag lúc đang chơi game. Cảm thấy giận tím người 🤬,Tức giận,Gia đình,"Đúng là bực không chịu được! Thôi mình xả stress bằng cách đi dạo hay nghe nhạc đi, đừng nghĩ tới nó nữa."
Dạo này bị bom hàng. Cảm thấy sôi máu 🔥,Tức giận,Đồng nghiệp,"Đúng là bực không chịu được! Thôi mình xả stress bằng cách đi dạo hay nghe nhạc đi, đừng nghĩ tới nó nữa."
Chời ơi không ai hiểu mình. Cảm thấy tuyệt vọng ...,Buồn bã,Mất mát,"Ôm bạn một cái nha. Buồn thì cứ khóc ra cho nhẹ lòng, rồi ngày mai trời lại sáng thôi."
Má ơi đang đi đường thì bị tạt nước. Cảm thấy bực mình ghê 😡,Tức giận,Bạn bè,"Trời ơi nghe mà tức dùm á 😡 Thôi hít thở sâu, bơ đi mà sống bạn ơi."
Mọi người ơi mạng lag lúc đang chơi game. Cảm thấy muốn bùng cháy 🔥,Tức giận,Gia đình,"Trời ơi nghe mà tức dùm á 😡 Thôi hít thở sâu, bơ đi mà sống bạn ơi."
Hôm nay chơi game gặp trúng đồng đội toxic. Cảm thấy phát điên 😤,Tức giận,Giao thông,"Khuyên bạn một câu là: Giận quá mất khôn. Lúc này tốt nhất là không nên đưa ra quyết định hay nói điều gì cả, chờ nguôi ngoai đã nhé."
Chời ơi đang đi đường thì bị tạt nước. Cảm thấy cay thật sự 💢,Tức giận,Gia đình,"Trời ơi nghe mà tức dùm á 😡 Thôi hít thở sâu, bơ đi mà sống bạn ơi."
Hôm nay đã dặn không ăn hành mà vẫn bỏ hành. Cảm thấy bực mình ghê 🤬,Tức giận,Giao thông,"Khuyên bạn một câu là: Giận quá mất khôn. Lúc này tốt nhất là không nên đưa ra quyết định hay nói điều gì cả, chờ nguôi ngoai đã nhé."
Tao nuôi con mèo mà nó đi mất. Cảm thấy thấy trống rỗng haiz,Buồn bã,Cuộc sống,"Đừng buồn nữa nha, chuyện cũ bỏ qua, chuyện mới sắp đến. Hãy giữ tinh thần lạc quan lên nào!"
Chời ơi chuẩn bị thuyết trình mà quên mang theo slide. Cảm thấy thót tim 😭,Lo âu,Tài chính,"Overthinking lại ập đến rồi đúng không =)) Bỏ điện thoại xuống, đi xem một tập phim chill chill đi nào."
Chời ơi chờ mòn mỏi mà không có kết quả tốt. Cảm thấy tủi thân ghê 😢,Buồn bã,Sự nghiệp,"Ôm bạn một cái nha. Buồn thì cứ khóc ra cho nhẹ lòng, rồi ngày mai trời lại sáng thôi."
Mọi người ơi cảm thấy cô đơn lạc lõng. Cảm thấy chán nản thật sự 😞,Buồn bã,Mất mát,"Cuộc sống mà, có những lúc thăng trầm. Bạn đã mạnh mẽ lắm rồi, cho phép bản thân nghỉ cho đỡ mệt xíu đi."
Má ơi bốc trúng phần thưởng to. Cảm thấy hạnh phúc quá ✨,Vui vẻ,Tình cảm,Thật là một tin tốt lành! Sự nỗ lực của bạn đã được đền đáp xứng đáng. (Formal)
Bản thân khối lượng công việc nhiều quá không biết bắt đầu từ đâu. Cảm thấy đổ mồ hôi hột ...,Lo âu,Học tập,"Cảm giác chênh vênh này ai cũng từng trải qua. Đừng ép mình phải hoàn hảo ngay lập tức, tiến bộ từng chút một là được rồi."
Tớ thấy tài khoản cạn tiền mà hoang mang. Cảm thấy bối rối hic,Lo âu,Tình cảm,"Bình tĩnh nào bạn ơi! Hít một hơi thật sâu nhé. Mọi chuyện rồi sẽ ổn thôi, hãy giải quyết từng việc một."
Chời ơi nuôi con mèo mà nó đi mất. Cảm thấy đau lòng quá 😭,Buồn bã,Sự nghiệp,Mọi việc xảy ra đều có lý do của nó. Cứ chầm chậm lại một chút để trái tim được xoa dịu nha bạn.
Anh em ơi bị trừ lương vì đi trễ. Cảm thấy rơi nước mắt 🥀,Buồn bã,Gia đình,Mọi việc xảy ra đều có lý do của nó. Cứ chầm chậm lại một chút để trái tim được xoa dịu nha bạn.
Tui bốc trúng phần thưởng to. Cảm thấy sướng rơn 🤩,Vui vẻ,Sở thích,Yayyy! Cảm giác lúc này chắc sướng lắm nhỉ. Chúc niềm vui này kéo dài mãi nha!
Mình đã dặn không ăn hành mà vẫn bỏ hành. Cảm thấy không thể nuốt trôi 🔥,Tức giận,Gia đình,"Đúng là bực không chịu được! Thôi mình xả stress bằng cách đi dạo hay nghe nhạc đi, đừng nghĩ tới nó nữa."
Tự nhiên sợ rớt môn quá. Cảm thấy không biết đi đúng hướng không 😭,Lo âu,Giao tiếp xã hội,"Cảm giác chênh vênh này ai cũng từng trải qua. Đừng ép mình phải hoàn hảo ngay lập tức, tiến bộ từng chút một là được rồi."
Chời ơi mới tậu được chiếc áo cực cháy. Cảm thấy Yayyy! 🥰,Vui vẻ,Công việc,Đỉnh của chóp luôn! Nhớ tự thưởng cho mình một bữa ăn ngon hoặc món quà nhỏ nha.
Tớ ship đồ ăn mà thiếu món. Cảm thấy điên máu 🔥,Tức giận,Bạn bè,"Khuyên bạn một câu là: Giận quá mất khôn. Lúc này tốt nhất là không nên đưa ra quyết định hay nói điều gì cả, chờ nguôi ngoai đã nhé."
Mọi người ơi khách hàng dời lịch họp sát giờ. Cảm thấy phát điên 👊,Tức giận,Gia đình,"Khuyên bạn một câu là: Giận quá mất khôn. Lúc này tốt nhất là không nên đưa ra quyết định hay nói điều gì cả, chờ nguôi ngoai đã nhé."
Tự nhiên ship đồ ăn mà thiếu món. Cảm thấy cay thật sự 🙄,Tức giận,Bạn bè,Sự việc này thực sự không đáng có. Tôi hiểu lý do khiến bạn cảm thấy không hài lòng. Hãy giữ bình tĩnh để xử lý một cách chuyên nghiệp nhé. (Formal)
Tui cảm thấy cô đơn lạc lõng. Cảm thấy như người mất hồn 🥀,Buồn bã,Mất mát,"Đừng buồn nữa nha, chuyện cũ bỏ qua, chuyện mới sắp đến. Hãy giữ tinh thần lạc quan lên nào!"
Tao bị overthinking trước khi ngủ. Cảm thấy sợ hãi ...,Lo âu,Giao tiếp xã hội,"Cảm giác chênh vênh này ai cũng từng trải qua. Đừng ép mình phải hoàn hảo ngay lập tức, tiến bộ từng chút một là được rồi."
Tự nhiên chuẩn bị thuyết trình mà quên mang theo slide. Cảm thấy tim đập thình thịch 🥶,Lo âu,Tình cảm,"Overthinking lại ập đến rồi đúng không =)) Bỏ điện thoại xuống, đi xem một tập phim chill chill đi nào."
Má ơi bị rớt môn rồi. Cảm thấy tủi thân ghê haiz,Buồn bã,Cuộc sống,"Đừng buồn nữa nha, chuyện cũ bỏ qua, chuyện mới sắp đến. Hãy giữ tinh thần lạc quan lên nào!"
Chời ơi bị rớt môn rồi. Cảm thấy tủi thân ghê 😢,Buồn bã,Mất mát,"Cuộc sống mà, có những lúc thăng trầm. Bạn đã mạnh mẽ lắm rồi, cho phép bản thân nghỉ cho đỡ mệt xíu đi."
Tui cảm giác bị tụt hậu so với bạn bè. Cảm thấy hoang mang 🥶,Lo âu,Sức khỏe,Tôi rất hiểu sự lo ngại của bạn. Hãy thử chia nhỏ vấn đề ra và xử lý từng phần nhé. Bạn không đơn độc đâu. (Formal)
Chời ơi bốc trúng phần thưởng to. Cảm thấy cảm thấy yêu đời =)),Vui vẻ,Giải trí,Phải làm một chầu ăn mừng thôi! Chia sẻ niềm vui này với người thân yêu của bạn liền đi nào.
Tự nhiên chờ mòn mỏi mà không có kết quả tốt. Cảm thấy mệt mỏi haiz,Buồn bã,Cuộc sống,"Ôm bạn một cái nha. Buồn thì cứ khóc ra cho nhẹ lòng, rồi ngày mai trời lại sáng thôi."
Góc than vãn: đã dặn không ăn hành mà vẫn bỏ hành. Cảm thấy không chịu nổi 🙄,Tức giận,Bạn bè,Hiểu sự bức xúc của bạn luôn! Uống ngụm nước lạnh cho hạ hỏa nào. Đừng để mấy chuyện bực mình làm hỏng ngày vui.
Anh em ơi sếp khen cái project mới. Cảm thấy không thể tin được kaka,Vui vẻ,Tình cảm,Thật là một tin tốt lành! Sự nỗ lực của bạn đã được đền đáp xứng đáng. (Formal)
Tôi bị rớt môn rồi. Cảm thấy đau lòng quá 😭,Buồn bã,Gia đình,"Cuộc sống mà, có những lúc thăng trầm. Bạn đã mạnh mẽ lắm rồi, cho phép bản thân nghỉ cho đỡ mệt xíu đi."
Má ơi sợ rớt môn quá. Cảm thấy áp lực thực sự 🥲,Lo âu,Tài chính,"Overthinking lại ập đến rồi đúng không =)) Bỏ điện thoại xuống, đi xem một tập phim chill chill đi nào."
Tui bị trừ lương vì đi trễ. Cảm thấy buồn rười rượi 🥀,Buồn bã,Mất mát,"Ôm bạn một cái nha. Buồn thì cứ khóc ra cho nhẹ lòng, rồi ngày mai trời lại sáng thôi."
Anh em ơi giải quyết xong đống task tồn đọng. Cảm thấy không thể tin được 🎉,Vui vẻ,Sở thích,Quá đỉnh! Mình biết bạn làm được mà. Tiếp tục phát huy nhé!
Mình gõ xong đoạn text dài mà chưa kịp save bị cúp điện. Cảm thấy bực mình ghê 🔥,Tức giận,Gia đình,"Trời ơi nghe mà tức dùm á 😡 Thôi hít thở sâu, bơ đi mà sống bạn ơi."
Tui gõ xong đoạn text dài mà chưa kịp save bị cúp điện. Cảm thấy giận tím người 👎,Tức giận,Dịch vụ,"Đúng là bực không chịu được! Thôi mình xả stress bằng cách đi dạo hay nghe nhạc đi, đừng nghĩ tới nó nữa."
Tui bị hủy chuyến du lịch phút chót. Cảm thấy mệt mỏi ...,Buồn bã,Mất mát,Tôi rất tiếc khi nghe về điều này. Hy vọng bạn sớm vượt qua giai đoạn khó khăn này. Thời gian sẽ chữa lành mọi thứ. (Formal)
Tớ nay đi đường không bị tắc. Cảm thấy vui cả ngày kaka =)) 😎,Vui vẻ,Cuộc sống,Thật là một tin tốt lành! Sự nỗ lực của bạn đã được đền đáp xứng đáng. (Formal)
Tự nhiên xe hỏng giữa đường lúc đang vội. Cảm thấy tức phát khóc 👊,Tức giận,Đồng nghiệp,Sự việc này thực sự không đáng có. Tôi hiểu lý do khiến bạn cảm thấy không hài lòng. Hãy giữ bình tĩnh để xử lý một cách chuyên nghiệp nhé. (Formal)
Má ơi bị sếp ép deadline vô lý. Cảm thấy sôi máu 🤬,Tức giận,Giao thông,"Cục súc lên luôn á =)) Nhưng mà thôi, giận dữ chỉ làm mình mệt thêm. Thả lỏng xíu đi nào."
Chời ơi khách hàng dời lịch họp sát giờ. Cảm thấy muốn chửi thề 😤,Tức giận,Dịch vụ,"Gặp chuyện củ chuối thì cứ xả ra cho đỡ tức, xong rồi thì thôi, đừng giữ bực bội trong lòng làm gì cho nặng nề."
Mọi người ơi khách hàng dời lịch họp sát giờ. Cảm thấy bực mình ghê 🙄,Tức giận,Đồng nghiệp,Hiểu sự bức xúc của bạn luôn! Uống ngụm nước lạnh cho hạ hỏa nào. Đừng để mấy chuyện bực mình làm hỏng ngày vui.
Tui xe hỏng giữa đường lúc đang vội. Cảm thấy điên máu 💢,Tức giận,Đồng nghiệp,"Đúng là bực không chịu được! Thôi mình xả stress bằng cách đi dạo hay nghe nhạc đi, đừng nghĩ tới nó nữa."
Tớ chuẩn bị bảo vệ luận văn mà chưa ôn kỹ. Cảm thấy áp lực thực sự 🥲,Lo âu,Tình cảm,"Cảm giác chênh vênh này ai cũng từng trải qua. Đừng ép mình phải hoàn hảo ngay lập tức, tiến bộ từng chút một là được rồi."
Bản thân chia tay xong cứ thấy trống rỗng. Cảm thấy rơi nước mắt 🥀,Buồn bã,Cuộc sống,"Mọi chuyện không như ý muốn chắc chắn làm bạn hụt hẫng nhiều. Đừng gục ngã nhé, luôn có mình ở đây lắng nghe."
Tự nhiên sếp khen cái project mới. Cảm thấy Yayyy! =)),Vui vẻ,Tình cảm,Nghe bạn kể mà mình cũng thấy vui lây luôn á =)) Tận hưởng khoảnh khắc này nhé!
Bản thân sếp khen cái project mới. Cảm thấy thích mê =)),Vui vẻ,Tình cảm,Thật là một tin tốt lành! Sự nỗ lực của bạn đã được đền đáp xứng đáng. (Formal)
Hôm nay chuẩn bị thuyết trình mà quên mang theo slide. Cảm thấy đổ mồ hôi hột huhu,Lo âu,Sức khỏe,"Overthinking lại ập đến rồi đúng không =)) Bỏ điện thoại xuống, đi xem một tập phim chill chill đi nào."
Tự nhiên đang đi đường thì bị tạt nước. Cảm thấy bực mình ghê 🙄,Tức giận,Bạn bè,Hiểu sự bức xúc của bạn luôn! Uống ngụm nước lạnh cho hạ hỏa nào. Đừng để mấy chuyện bực mình làm hỏng ngày vui.
Má ơi bị trừ lương vì đi trễ. Cảm thấy mệt mỏi 😢,Buồn bã,Gia đình,"Mọi chuyện không như ý muốn chắc chắn làm bạn hụt hẫng nhiều. Đừng gục ngã nhé, luôn có mình ở đây lắng nghe."
Tự nhiên bị rớt môn rồi. Cảm thấy buồn rười rượi 🥀,Buồn bã,Tình cảm,"Ôm bạn một cái nha. Buồn thì cứ khóc ra cho nhẹ lòng, rồi ngày mai trời lại sáng thôi."
Tao giải quyết xong đống task tồn đọng. Cảm thấy tuyệt vời 🥰,Vui vẻ,Sở thích,Nghe bạn kể mà mình cũng thấy vui lây luôn á =)) Tận hưởng khoảnh khắc này nhé!
Tự nhiên chơi game gặp trúng đồng đội toxic. Cảm thấy không thể nuốt trôi 🤬,Tức giận,Dịch vụ,"Đúng là bực không chịu được! Thôi mình xả stress bằng cách đi dạo hay nghe nhạc đi, đừng nghĩ tới nó nữa."
Tự nhiên gõ xong đoạn text dài mà chưa kịp save bị cúp điện. Cảm thấy tức á 🤬,Tức giận,Giao thông,"Khuyên bạn một câu là: Giận quá mất khôn. Lúc này tốt nhất là không nên đưa ra quyết định hay nói điều gì cả, chờ nguôi ngoai đã nhé."
Tôi bài thi được điểm cao. Cảm thấy vui cả ngày kaka =)) 🎉,Vui vẻ,Cuộc sống,Quá đỉnh! Mình biết bạn làm được mà. Tiếp tục phát huy nhé!
Góc than vãn: bị sếp la. Cảm thấy rơi nước mắt 😞,Buồn bã,Gia đình,Mọi việc xảy ra đều có lý do của nó. Cứ chầm chậm lại một chút để trái tim được xoa dịu nha bạn.
Tôi bị sếp la. Cảm thấy như người mất hồn haiz,Buồn bã,Mất mát,Tôi rất tiếc khi nghe về điều này. Hy vọng bạn sớm vượt qua giai đoạn khó khăn này. Thời gian sẽ chữa lành mọi thứ. (Formal)
Tớ bị chen ngang lúc đang xếp hàng. Cảm thấy phát rồ 🙄,Tức giận,Mạng xã hội,Hiểu sự bức xúc của bạn luôn! Uống ngụm nước lạnh cho hạ hỏa nào. Đừng để mấy chuyện bực mình làm hỏng ngày vui.
Tao cảm thấy cô đơn lạc lõng. Cảm thấy rơi nước mắt 😭,Buồn bã,Mất mát,Bật một bản nhạc nhẹ nhàng và cuộn tròn trong chăn đi ngủ sớm nhé. Bạn xứng đáng được nghỉ ngơi lúc này.
Tao thấy crush đi chơi với người khác. Cảm thấy không biết làm sao ...,Lo âu,Công việc,Tôi rất hiểu sự lo ngại của bạn. Hãy thử chia nhỏ vấn đề ra và xử lý từng phần nhé. Bạn không đơn độc đâu. (Formal)
Mọi người ơi áp lực đồng trang lứa đè nặng. Cảm thấy bối rối huhu,Lo âu,Học tập,"Overthinking lại ập đến rồi đúng không =)) Bỏ điện thoại xuống, đi xem một tập phim chill chill đi nào."
Tui mạng lag lúc đang chơi game. Cảm thấy giận tím người 🔥,Tức giận,Giao thông,Sự việc này thực sự không đáng có. Tôi hiểu lý do khiến bạn cảm thấy không hài lòng. Hãy giữ bình tĩnh để xử lý một cách chuyên nghiệp nhé. (Formal)
Má ơi mai đi phỏng vấn mà run quá. Cảm thấy bối rối 😭,Lo âu,Tài chính,"Overthinking lại ập đến rồi đúng không =)) Bỏ điện thoại xuống, đi xem một tập phim chill chill đi nào."
Má ơi ship đồ ăn mà thiếu món. Cảm thấy tức á 🤬,Tức giận,Gia đình,"Trời ơi nghe mà tức dùm á 😡 Thôi hít thở sâu, bơ đi mà sống bạn ơi."
Chời ơi điểm thi thử thấp quá. Cảm thấy toát mồ hôi ...,Lo âu,Học tập,"Nhấp một ngụm trà hay ly nước lọc rồi nghĩ tiếp nhé. Mọi thứ đều có cách giải quyết, cứ từ từ rồi sẽ sáng tỏ thôi."
Chời ơi nghĩ về tương lai mông lung quá. Cảm thấy nghĩ mà rùng mình 😰,Lo âu,Tình cảm,"Đừng lo lắng quá. Có khó khăn thì mới có trưởng thành. Cứ làm hết sức mình, kết quả ra sao cũng không hối tiếc."
Dạo này nuôi con mèo mà nó đi mất. Cảm thấy đau lòng quá ...,Buồn bã,Sự nghiệp,"Đừng buồn nữa nha, chuyện cũ bỏ qua, chuyện mới sắp đến. Hãy giữ tinh thần lạc quan lên nào!"
Bản thân được thăng chức. Cảm thấy cảm thấy yêu đời =)),Vui vẻ,Sở thích,Tuyệt vời quá! Chúc mừng bạn nhé 🎉 Cứ giữ vững phong độ này nha!
Má ơi chuẩn bị thuyết trình mà quên mang theo slide. Cảm thấy nghĩ mà rùng mình 😭,Lo âu,Sức khỏe,"Đừng lo lắng quá. Có khó khăn thì mới có trưởng thành. Cứ làm hết sức mình, kết quả ra sao cũng không hối tiếc."
Tao chuẩn bị bảo vệ luận văn mà chưa ôn kỹ. Cảm thấy áp lực thực sự hic,Lo âu,Tương lai,"Bình tĩnh nào bạn ơi! Hít một hơi thật sâu nhé. Mọi chuyện rồi sẽ ổn thôi, hãy giải quyết từng việc một."
Tôi đã dặn không ăn hành mà vẫn bỏ hành. Cảm thấy điên máu 😤,Tức giận,Dịch vụ,"Đúng là bực không chịu được! Thôi mình xả stress bằng cách đi dạo hay nghe nhạc đi, đừng nghĩ tới nó nữa."
Má ơi bị sếp la. Cảm thấy mệt mỏi haiz,Buồn bã,Tình cảm,"Ôm bạn một cái nha. Buồn thì cứ khóc ra cho nhẹ lòng, rồi ngày mai trời lại sáng thôi."
Hôm nay giải quyết xong đống task tồn đọng. Cảm thấy cười bể bụng haha,Vui vẻ,Sở thích,Thật là một tin tốt lành! Sự nỗ lực của bạn đã được đền đáp xứng đáng. (Formal)
Má ơi xe hỏng giữa đường lúc đang vội. Cảm thấy giận tím người 🔥,Tức giận,Dịch vụ,Sự việc này thực sự không đáng có. Tôi hiểu lý do khiến bạn cảm thấy không hài lòng. Hãy giữ bình tĩnh để xử lý một cách chuyên nghiệp nhé. (Formal)
Góc than vãn: bị bom hàng. Cảm thấy sôi máu 🙄,Tức giận,Gia đình,"Gặp chuyện củ chuối thì cứ xả ra cho đỡ tức, xong rồi thì thôi, đừng giữ bực bội trong lòng làm gì cho nặng nề."
Tôi đã dặn không ăn hành mà vẫn bỏ hành. Cảm thấy cục súc 👊,Tức giận,Đồng nghiệp,"Trời ơi nghe mà tức dùm á 😡 Thôi hít thở sâu, bơ đi mà sống bạn ơi."
Dạo này sếp khen cái project mới. Cảm thấy hét toáng lên 🥳,Vui vẻ,Công việc,Quá đỉnh! Mình biết bạn làm được mà. Tiếp tục phát huy nhé!
Bản thân không ai hiểu mình. Cảm thấy chán nản thật sự 🥀,Buồn bã,Sự nghiệp,"Đừng buồn nữa nha, chuyện cũ bỏ qua, chuyện mới sắp đến. Hãy giữ tinh thần lạc quan lên nào!"
Bản thân không biết ngày mai sẽ ra sao. Cảm thấy áp lực thực sự 🥲,Lo âu,Tình cảm,"Overthinking lại ập đến rồi đúng không =)) Bỏ điện thoại xuống, đi xem một tập phim chill chill đi nào."
Tao mới tậu được chiếc áo cực cháy. Cảm thấy Yayyy! 🥰,Vui vẻ,Cuộc sống,Yayyy! Cảm giác lúc này chắc sướng lắm nhỉ. Chúc niềm vui này kéo dài mãi nha!
Tôi điểm thi thử thấp quá. Cảm thấy không biết đi đúng hướng không 😱,Lo âu,Tương lai,"Cảm giác chênh vênh này ai cũng từng trải qua. Đừng ép mình phải hoàn hảo ngay lập tức, tiến bộ từng chút một là được rồi."
Má ơi sếp khen cái project mới. Cảm thấy vui xỉu kaka,Vui vẻ,Tình cảm,Yayyy! Cảm giác lúc này chắc sướng lắm nhỉ. Chúc niềm vui này kéo dài mãi nha!
Tự nhiên bị trừ lương vì đi trễ. Cảm thấy buồn xíu xiu haiz,Buồn bã,Cuộc sống,"Mọi chuyện không như ý muốn chắc chắn làm bạn hụt hẫng nhiều. Đừng gục ngã nhé, luôn có mình ở đây lắng nghe."
Bản thân bị bom hàng. Cảm thấy tức phát khóc 💢,Tức giận,Bạn bè,"Khuyên bạn một câu là: Giận quá mất khôn. Lúc này tốt nhất là không nên đưa ra quyết định hay nói điều gì cả, chờ nguôi ngoai đã nhé."
Mình crush có người yêu. Cảm thấy thấy trống rỗng 😢,Buồn bã,Gia đình,Bật một bản nhạc nhẹ nhàng và cuộn tròn trong chăn đi ngủ sớm nhé. Bạn xứng đáng được nghỉ ngơi lúc này.
Dạo này cảm thấy cô đơn lạc lõng. Cảm thấy buồn xíu xiu 😞,Buồn bã,Sự nghiệp,Mọi việc xảy ra đều có lý do của nó. Cứ chầm chậm lại một chút để trái tim được xoa dịu nha bạn.
Bản thân mới tậu được chiếc áo cực cháy. Cảm thấy vui xỉu haha,Vui vẻ,Tình cảm,Quá đỉnh! Mình biết bạn làm được mà. Tiếp tục phát huy nhé!
Dạo này nghĩ về tương lai mông lung quá. Cảm thấy sợ hãi 😭,Lo âu,Giao tiếp xã hội,"Nhấp một ngụm trà hay ly nước lọc rồi nghĩ tiếp nhé. Mọi thứ đều có cách giải quyết, cứ từ từ rồi sẽ sáng tỏ thôi."
Mọi người ơi bị đồng nghiệp nói xấu. Cảm thấy cục súc 🔥,Tức giận,Gia đình,Sự việc này thực sự không đáng có. Tôi hiểu lý do khiến bạn cảm thấy không hài lòng. Hãy giữ bình tĩnh để xử lý một cách chuyên nghiệp nhé. (Formal)
Mọi người ơi giải quyết xong đống task tồn đọng. Cảm thấy quá đã 🥳,Vui vẻ,Công việc,Nghe bạn kể mà mình cũng thấy vui lây luôn á =)) Tận hưởng khoảnh khắc này nhé!
Mình bị overthinking trước khi ngủ. Cảm thấy nghĩ mà rùng mình 😱,Lo âu,Công việc,"Overthinking lại ập đến rồi đúng không =)) Bỏ điện thoại xuống, đi xem một tập phim chill chill đi nào."
Tao bị sếp la. Cảm thấy tuyệt vọng 😞,Buồn bã,Mất mát,"Cuộc sống mà, có những lúc thăng trầm. Bạn đã mạnh mẽ lắm rồi, cho phép bản thân nghỉ cho đỡ mệt xíu đi."
Má ơi ăn được món ngon đúng ý. Cảm thấy anh em ơiii 💸 ✌️,Vui vẻ,Cuộc sống,Nghe bạn kể mà mình cũng thấy vui lây luôn á =)) Tận hưởng khoảnh khắc này nhé!
Mình giải quyết xong đống task tồn đọng. Cảm thấy sướng rơn 😎,Vui vẻ,Tình cảm,Nghe bạn kể mà mình cũng thấy vui lây luôn á =)) Tận hưởng khoảnh khắc này nhé!
Tự nhiên bài thi được điểm cao. Cảm thấy tuyệt vời 🥰,Vui vẻ,Tình cảm,Thật là một tin tốt lành! Sự nỗ lực của bạn đã được đền đáp xứng đáng. (Formal)
Tớ tìm được quán cafe ưng ý. Cảm thấy anh em ơiii 💸 =)),Vui vẻ,Công việc,Quá đỉnh! Mình biết bạn làm được mà. Tiếp tục phát huy nhé!
Tao không ai hiểu mình. Cảm thấy muốn khóc hic,Buồn bã,Sự nghiệp,Tôi rất tiếc khi nghe về điều này. Hy vọng bạn sớm vượt qua giai đoạn khó khăn này. Thời gian sẽ chữa lành mọi thứ. (Formal)
Hôm nay nay đi làm về mệt quá. Cảm thấy như người mất hồn ...,Buồn bã,Tình cảm,"Mọi chuyện không như ý muốn chắc chắn làm bạn hụt hẫng nhiều. Đừng gục ngã nhé, luôn có mình ở đây lắng nghe."
Tôi mới tậu được chiếc áo cực cháy. Cảm thấy hạnh phúc quá 😎,Vui vẻ,Tình cảm,Phải làm một chầu ăn mừng thôi! Chia sẻ niềm vui này với người thân yêu của bạn liền đi nào.
Bản thân nay đi làm về mệt quá. Cảm thấy đau lòng quá 🥀,Buồn bã,Tình cảm,Mọi việc xảy ra đều có lý do của nó. Cứ chầm chậm lại một chút để trái tim được xoa dịu nha bạn.
Mình thấy tài khoản cạn tiền mà hoang mang. Cảm thấy thấy bất an ghê huhu,Lo âu,Tài chính,"Cảm giác chênh vênh này ai cũng từng trải qua. Đừng ép mình phải hoàn hảo ngay lập tức, tiến bộ từng chút một là được rồi."
Mình đang đi đường thì bị tạt nước. Cảm thấy phát điên 🤬,Tức giận,Dịch vụ,Sự việc này thực sự không đáng có. Tôi hiểu lý do khiến bạn cảm thấy không hài lòng. Hãy giữ bình tĩnh để xử lý một cách chuyên nghiệp nhé. (Formal)
Tự nhiên cứ nghĩ đến chuyện ra trường thất nghiệp là rén. Cảm thấy bối rối 🥶,Lo âu,Sức khỏe,"Đừng lo lắng quá. Có khó khăn thì mới có trưởng thành. Cứ làm hết sức mình, kết quả ra sao cũng không hối tiếc."
Bản thân áp lực đồng trang lứa đè nặng. Cảm thấy tim đập thình thịch hic,Lo âu,Sức khỏe,"Hiểu cảm giác của bạn lúc này. Đừng quá tạo áp lực cho bản thân. Bạn đã làm rất tốt rồi, hãy cho mình chút thời gian nghỉ ngơi."
Dạo này giải quyết xong đống task tồn đọng. Cảm thấy vui cả ngày kaka =)) kaka,Vui vẻ,Tình cảm,Tuyệt vời quá! Chúc mừng bạn nhé 🎉 Cứ giữ vững phong độ này nha!
Tự nhiên mới tậu được chiếc áo cực cháy. Cảm thấy yomost 🥰,Vui vẻ,Tình cảm,Nghe bạn kể mà mình cũng thấy vui lây luôn á =)) Tận hưởng khoảnh khắc này nhé!
Dạo này có người tài trợ cho đi du lịch. Cảm thấy yomost 🎉,Vui vẻ,Công việc,Quá đỉnh! Mình biết bạn làm được mà. Tiếp tục phát huy nhé!
Dạo này đồ án bị bắt làm lại từ đầu. Cảm thấy tức á 🙄,Tức giận,Gia đình,Hiểu sự bức xúc của bạn luôn! Uống ngụm nước lạnh cho hạ hỏa nào. Đừng để mấy chuyện bực mình làm hỏng ngày vui.
Tui bị sếp la. Cảm thấy tủi thân ghê 💔,Buồn bã,Tình cảm,Bật một bản nhạc nhẹ nhàng và cuộn tròn trong chăn đi ngủ sớm nhé. Bạn xứng đáng được nghỉ ngơi lúc này.
Hôm nay chia tay xong cứ thấy trống rỗng. Cảm thấy thấy trống rỗng haiz,Buồn bã,Mất mát,"Mọi chuyện không như ý muốn chắc chắn làm bạn hụt hẫng nhiều. Đừng gục ngã nhé, luôn có mình ở đây lắng nghe."
Anh em ơi nay đi đường không bị tắc. Cảm thấy vui cả ngày kaka =)) 😆,Vui vẻ,Công việc,Quá đỉnh! Mình biết bạn làm được mà. Tiếp tục phát huy nhé!
Tớ crush có người yêu. Cảm thấy tuyệt vọng ...,Buồn bã,Cuộc sống,"Đừng buồn nữa nha, chuyện cũ bỏ qua, chuyện mới sắp đến. Hãy giữ tinh thần lạc quan lên nào!"
Má ơi sếp khen cái project mới. Cảm thấy hét toáng lên kaka,Vui vẻ,Tình cảm,Thật là một tin tốt lành! Sự nỗ lực của bạn đã được đền đáp xứng đáng. (Formal)
Tôi bị chen ngang lúc đang xếp hàng. Cảm thấy muốn bùng cháy 😤,Tức giận,Bạn bè,"Khuyên bạn một câu là: Giận quá mất khôn. Lúc này tốt nhất là không nên đưa ra quyết định hay nói điều gì cả, chờ nguôi ngoai đã nhé."
Má ơi nghĩ về tương lai mông lung quá. Cảm thấy trằn trọc mãi mới chợp mắt được 🥲,Lo âu,Tài chính,"Hiểu cảm giác của bạn lúc này. Đừng quá tạo áp lực cho bản thân. Bạn đã làm rất tốt rồi, hãy cho mình chút thời gian nghỉ ngơi."
Góc than vãn: chốt đơn thành công món đồ ao ước. Cảm thấy anh em ơiii 💸 🥳,Vui vẻ,Tình cảm,Phải làm một chầu ăn mừng thôi! Chia sẻ niềm vui này với người thân yêu của bạn liền đi nào.
Mình đã dặn không ăn hành mà vẫn bỏ hành. Cảm thấy giận tím người 💢,Tức giận,Mạng xã hội,Sự việc này thực sự không đáng có. Tôi hiểu lý do khiến bạn cảm thấy không hài lòng. Hãy giữ bình tĩnh để xử lý một cách chuyên nghiệp nhé. (Formal)
Má ơi bị đồng nghiệp nói xấu. Cảm thấy tức á 🔥,Tức giận,Mạng xã hội,"Gặp chuyện củ chuối thì cứ xả ra cho đỡ tức, xong rồi thì thôi, đừng giữ bực bội trong lòng làm gì cho nặng nề."
Tui được crush rủ đi chơi. Cảm thấy hét toáng lên 🤩,Vui vẻ,Tình cảm,Yayyy! Cảm giác lúc này chắc sướng lắm nhỉ. Chúc niềm vui này kéo dài mãi nha!
Má ơi mới nghỉ việc xong chưa biết làm gì tiếp. Cảm thấy áp lực thực sự hic,Lo âu,Tương lai,"Nhấp một ngụm trà hay ly nước lọc rồi nghĩ tiếp nhé. Mọi thứ đều có cách giải quyết, cứ từ từ rồi sẽ sáng tỏ thôi."
Tự nhiên chuẩn bị bảo vệ luận văn mà chưa ôn kỹ. Cảm thấy sợ hãi 🥲,Lo âu,Tình cảm,"Cảm giác chênh vênh này ai cũng từng trải qua. Đừng ép mình phải hoàn hảo ngay lập tức, tiến bộ từng chút một là được rồi."
Má ơi thấy tài khoản cạn tiền mà hoang mang. Cảm thấy tim đập thình thịch 😭,Lo âu,Tương lai,"Nhấp một ngụm trà hay ly nước lọc rồi nghĩ tiếp nhé. Mọi thứ đều có cách giải quyết, cứ từ từ rồi sẽ sáng tỏ thôi."
Góc than vãn: chốt đơn thành công món đồ ao ước. Cảm thấy anh em ơiii 💸 ✌️,Vui vẻ,Tình cảm,Quá đỉnh! Mình biết bạn làm được mà. Tiếp tục phát huy nhé!
Mình chờ mòn mỏi mà không có kết quả tốt. Cảm thấy chán nản thật sự hic,Buồn bã,Mất mát,Mọi việc xảy ra đều có lý do của nó. Cứ chầm chậm lại một chút để trái tim được xoa dịu nha bạn.
Dạo này cảm thấy cô đơn lạc lõng. Cảm thấy thất vọng toàn tập 😔,Buồn bã,Sự nghiệp,Bật một bản nhạc nhẹ nhàng và cuộn tròn trong chăn đi ngủ sớm nhé. Bạn xứng đáng được nghỉ ngơi lúc này.
Chời ơi chuẩn bị bảo vệ luận văn mà chưa ôn kỹ. Cảm thấy tim đập thình thịch 😰,Lo âu,Tình cảm,"Cảm giác chênh vênh này ai cũng từng trải qua. Đừng ép mình phải hoàn hảo ngay lập tức, tiến bộ từng chút một là được rồi."
Góc than vãn: điểm thi thử thấp quá. Cảm thấy đổ mồ hôi hột 😥,Lo âu,Giao tiếp xã hội,"Cảm giác chênh vênh này ai cũng từng trải qua. Đừng ép mình phải hoàn hảo ngay lập tức, tiến bộ từng chút một là được rồi."
Tôi bị nói xấu sau lưng. Cảm thấy mệt mỏi 😢,Buồn bã,Gia đình,"Mọi chuyện không như ý muốn chắc chắn làm bạn hụt hẫng nhiều. Đừng gục ngã nhé, luôn có mình ở đây lắng nghe."
Mọi người ơi bị sếp ép deadline vô lý. Cảm thấy điên máu 😡,Tức giận,Dịch vụ,"Gặp chuyện củ chuối thì cứ xả ra cho đỡ tức, xong rồi thì thôi, đừng giữ bực bội trong lòng làm gì cho nặng nề."
Tôi vừa chốt được hợp đồng lớn. Cảm thấy vui xỉu 🤩,Vui vẻ,Tình cảm,Nghe bạn kể mà mình cũng thấy vui lây luôn á =)) Tận hưởng khoảnh khắc này nhé!
Hôm nay sếp khen cái project mới. Cảm thấy vui cả ngày kaka =)) 🎉,Vui vẻ,Tình cảm,Quá đỉnh! Mình biết bạn làm được mà. Tiếp tục phát huy nhé!
Tao xe hỏng giữa đường lúc đang vội. Cảm thấy không chịu nổi 🔥,Tức giận,Mạng xã hội,Sự việc này thực sự không đáng có. Tôi hiểu lý do khiến bạn cảm thấy không hài lòng. Hãy giữ bình tĩnh để xử lý một cách chuyên nghiệp nhé. (Formal)
Hôm nay sếp khen cái project mới. Cảm thấy hạnh phúc quá 🥳,Vui vẻ,Công việc,Đỉnh của chóp luôn! Nhớ tự thưởng cho mình một bữa ăn ngon hoặc món quà nhỏ nha.
Anh em ơi bị hủy chuyến du lịch phút chót. Cảm thấy mệt mỏi 💔,Buồn bã,Tình cảm,Tôi rất tiếc khi nghe về điều này. Hy vọng bạn sớm vượt qua giai đoạn khó khăn này. Thời gian sẽ chữa lành mọi thứ. (Formal)
Hôm nay giải quyết xong đống task tồn đọng. Cảm thấy hét toáng lên ✨,Vui vẻ,Tình cảm,Nghe bạn kể mà mình cũng thấy vui lây luôn á =)) Tận hưởng khoảnh khắc này nhé!
Mình nay đi làm về mệt quá. Cảm thấy thất vọng toàn tập haiz,Buồn bã,Gia đình,Tôi rất tiếc khi nghe về điều này. Hy vọng bạn sớm vượt qua giai đoạn khó khăn này. Thời gian sẽ chữa lành mọi thứ. (Formal)
Góc than vãn: ship đồ ăn mà thiếu món. Cảm thấy muốn chửi thề 🙄,Tức giận,Gia đình,Hiểu sự bức xúc của bạn luôn! Uống ngụm nước lạnh cho hạ hỏa nào. Đừng để mấy chuyện bực mình làm hỏng ngày vui.
Tui idol rep comment. Cảm thấy không thể tin được =)),Vui vẻ,Công việc,Thật là một tin tốt lành! Sự nỗ lực của bạn đã được đền đáp xứng đáng. (Formal)
Chời ơi chơi game gặp trúng đồng đội toxic. Cảm thấy bực mình ghê 😡,Tức giận,Dịch vụ,"Đúng là bực không chịu được! Thôi mình xả stress bằng cách đi dạo hay nghe nhạc đi, đừng nghĩ tới nó nữa."
Mọi người ơi crush có người yêu. Cảm thấy rơi nước mắt haiz,Buồn bã,Mất mát,Bật một bản nhạc nhẹ nhàng và cuộn tròn trong chăn đi ngủ sớm nhé. Bạn xứng đáng được nghỉ ngơi lúc này.
Má ơi khách hàng dời lịch họp sát giờ. Cảm thấy điên máu 🔥,Tức giận,Dịch vụ,"Khuyên bạn một câu là: Giận quá mất khôn. Lúc này tốt nhất là không nên đưa ra quyết định hay nói điều gì cả, chờ nguôi ngoai đã nhé."
Mình chốt đơn thành công món đồ ao ước. Cảm thấy nhảy cẫng lên 🥳,Vui vẻ,Sở thích,Thật là một tin tốt lành! Sự nỗ lực của bạn đã được đền đáp xứng đáng. (Formal)
Bản thân xe hỏng giữa đường lúc đang vội. Cảm thấy không chịu nổi 🙄,Tức giận,Gia đình,"Trời ơi nghe mà tức dùm á 😡 Thôi hít thở sâu, bơ đi mà sống bạn ơi."
Má ơi chốt đơn thành công món đồ ao ước. Cảm thấy sướng rơn kaka,Vui vẻ,Sở thích,Nghe bạn kể mà mình cũng thấy vui lây luôn á =)) Tận hưởng khoảnh khắc này nhé!
Hôm nay bị đồng nghiệp nói xấu. Cảm thấy không thể nuốt trôi 🤬,Tức giận,Dịch vụ,"Khuyên bạn một câu là: Giận quá mất khôn. Lúc này tốt nhất là không nên đưa ra quyết định hay nói điều gì cả, chờ nguôi ngoai đã nhé."
Tớ trời mưa tự nhiên nhớ người yêu cũ. Cảm thấy rơi nước mắt ...,Buồn bã,Sự nghiệp,"Ôm bạn một cái nha. Buồn thì cứ khóc ra cho nhẹ lòng, rồi ngày mai trời lại sáng thôi."
Mình thấy crush đi chơi với người khác. Cảm thấy hoang mang 😭,Lo âu,Học tập,"Nhấp một ngụm trà hay ly nước lọc rồi nghĩ tiếp nhé. Mọi thứ đều có cách giải quyết, cứ từ từ rồi sẽ sáng tỏ thôi."
Mình bị sếp ép deadline vô lý. Cảm thấy tức á 👊,Tức giận,Đồng nghiệp,Hiểu sự bức xúc của bạn luôn! Uống ngụm nước lạnh cho hạ hỏa nào. Đừng để mấy chuyện bực mình làm hỏng ngày vui.
Tớ gõ xong đoạn text dài mà chưa kịp save bị cúp điện. Cảm thấy tức á 🤬,Tức giận,Bạn bè,"Đúng là bực không chịu được! Thôi mình xả stress bằng cách đi dạo hay nghe nhạc đi, đừng nghĩ tới nó nữa."
Tự nhiên bị overthinking trước khi ngủ. Cảm thấy tim đập thình thịch hic,Lo âu,Giao tiếp xã hội,"Overthinking lại ập đến rồi đúng không =)) Bỏ điện thoại xuống, đi xem một tập phim chill chill đi nào."
Chời ơi idol rep comment. Cảm thấy quá đã 😆,Vui vẻ,Sở thích,Tuyệt vời quá! Chúc mừng bạn nhé 🎉 Cứ giữ vững phong độ này nha!
Tao vừa chốt được hợp đồng lớn. Cảm thấy vui cả ngày kaka =)) ✨,Vui vẻ,Cuộc sống,Yayyy! Cảm giác lúc này chắc sướng lắm nhỉ. Chúc niềm vui này kéo dài mãi nha!
Tự nhiên bốc trúng phần thưởng to. Cảm thấy anh em ơiii 💸 🥳,Vui vẻ,Sở thích,Quá đỉnh! Mình biết bạn làm được mà. Tiếp tục phát huy nhé!
Má ơi chờ mòn mỏi mà không có kết quả tốt. Cảm thấy tuyệt vọng 💔,Buồn bã,Sự nghiệp,"Đừng buồn nữa nha, chuyện cũ bỏ qua, chuyện mới sắp đến. Hãy giữ tinh thần lạc quan lên nào!"
Chời ơi chờ mãi không thấy rep tin nhắn. Cảm thấy hoang mang huhu,Lo âu,Học tập,"Hiểu cảm giác của bạn lúc này. Đừng quá tạo áp lực cho bản thân. Bạn đã làm rất tốt rồi, hãy cho mình chút thời gian nghỉ ngơi."
Mình bị nói xấu sau lưng. Cảm thấy thất vọng toàn tập haiz,Buồn bã,Sự nghiệp,Mọi việc xảy ra đều có lý do của nó. Cứ chầm chậm lại một chút để trái tim được xoa dịu nha bạn.
Tao bị hủy chuyến du lịch phút chót. Cảm thấy muốn khóc hic,Buồn bã,Gia đình,"Ôm bạn một cái nha. Buồn thì cứ khóc ra cho nhẹ lòng, rồi ngày mai trời lại sáng thôi."
Bản thân gia đình hối thúc chuyện cưới xin. Cảm thấy thót tim huhu,Lo âu,Giao tiếp xã hội,"Cảm giác chênh vênh này ai cũng từng trải qua. Đừng ép mình phải hoàn hảo ngay lập tức, tiến bộ từng chút một là được rồi."
Góc than vãn: cảm giác bị tụt hậu so với bạn bè. Cảm thấy nhỡ rớt chắc xỉu ngang ...,Lo âu,Học tập,Tôi rất hiểu sự lo ngại của bạn. Hãy thử chia nhỏ vấn đề ra và xử lý từng phần nhé. Bạn không đơn độc đâu. (Formal)
Tôi lương về rồi. Cảm thấy cười bể bụng 🥳,Vui vẻ,Cuộc sống,Tuyệt vời quá! Chúc mừng bạn nhé 🎉 Cứ giữ vững phong độ này nha!
Bản thân vừa chốt được hợp đồng lớn. Cảm thấy hét toáng lên kaka,Vui vẻ,Công việc,Yayyy! Cảm giác lúc này chắc sướng lắm nhỉ. Chúc niềm vui này kéo dài mãi nha!
Bản thân được crush rủ đi chơi. Cảm thấy không thể tin được ✨,Vui vẻ,Công việc,Tuyệt vời quá! Chúc mừng bạn nhé 🎉 Cứ giữ vững phong độ này nha!
Mọi người ơi trời mưa tự nhiên nhớ người yêu cũ. Cảm thấy buồn rười rượi 💔,Buồn bã,Tình cảm,"Ôm bạn một cái nha. Buồn thì cứ khóc ra cho nhẹ lòng, rồi ngày mai trời lại sáng thôi."
Tôi xe hỏng giữa đường lúc đang vội. Cảm thấy cay thật sự 👊,Tức giận,Đồng nghiệp,"Đúng là bực không chịu được! Thôi mình xả stress bằng cách đi dạo hay nghe nhạc đi, đừng nghĩ tới nó nữa."
Má ơi bài thi được điểm cao. Cảm thấy hét toáng lên 🤩,Vui vẻ,Công việc,Nghe bạn kể mà mình cũng thấy vui lây luôn á =)) Tận hưởng khoảnh khắc này nhé!
Má ơi bị nói xấu sau lưng. Cảm thấy tuyệt vọng haiz,Buồn bã,Sự nghiệp,"Cuộc sống mà, có những lúc thăng trầm. Bạn đã mạnh mẽ lắm rồi, cho phép bản thân nghỉ cho đỡ mệt xíu đi."
Tôi chia tay xong cứ thấy trống rỗng. Cảm thấy buồn xíu xiu haiz,Buồn bã,Cuộc sống,"Ôm bạn một cái nha. Buồn thì cứ khóc ra cho nhẹ lòng, rồi ngày mai trời lại sáng thôi."
Anh em ơi bị sếp ép deadline vô lý. Cảm thấy không thể nuốt trôi 💢,Tức giận,Gia đình,"Đúng là bực không chịu được! Thôi mình xả stress bằng cách đi dạo hay nghe nhạc đi, đừng nghĩ tới nó nữa."
Mình bị sếp la. Cảm thấy buồn xíu xiu 😔,Buồn bã,Cuộc sống,Mọi việc xảy ra đều có lý do của nó. Cứ chầm chậm lại một chút để trái tim được xoa dịu nha bạn.
Bản thân nay đi làm về mệt quá. Cảm thấy tủi thân ghê 😢,Buồn bã,Cuộc sống,Tôi rất tiếc khi nghe về điều này. Hy vọng bạn sớm vượt qua giai đoạn khó khăn này. Thời gian sẽ chữa lành mọi thứ. (Formal)
Dạo này chờ mãi không thấy rep tin nhắn. Cảm thấy hoang mang hic,Lo âu,Học tập,"Bình tĩnh nào bạn ơi! Hít một hơi thật sâu nhé. Mọi chuyện rồi sẽ ổn thôi, hãy giải quyết từng việc một."
Dạo này bị sếp la. Cảm thấy thấy trống rỗng 😔,Buồn bã,Cuộc sống,Tôi rất tiếc khi nghe về điều này. Hy vọng bạn sớm vượt qua giai đoạn khó khăn này. Thời gian sẽ chữa lành mọi thứ. (Formal)
Hôm nay crush có người yêu. Cảm thấy chán nản thật sự 😔,Buồn bã,Tình cảm,"Đừng buồn nữa nha, chuyện cũ bỏ qua, chuyện mới sắp đến. Hãy giữ tinh thần lạc quan lên nào!"
Bản thân mới tậu được chiếc áo cực cháy. Cảm thấy vui xỉu ✌️,Vui vẻ,Công việc,Phải làm một chầu ăn mừng thôi! Chia sẻ niềm vui này với người thân yêu của bạn liền đi nào.
Mọi người ơi bị sếp la. Cảm thấy buồn rười rượi 🥀,Buồn bã,Gia đình,"Cuộc sống mà, có những lúc thăng trầm. Bạn đã mạnh mẽ lắm rồi, cho phép bản thân nghỉ cho đỡ mệt xíu đi."
Mình điểm thi thử thấp quá. Cảm thấy không biết đi đúng hướng không huhu,Lo âu,Giao tiếp xã hội,Tôi rất hiểu sự lo ngại của bạn. Hãy thử chia nhỏ vấn đề ra và xử lý từng phần nhé. Bạn không đơn độc đâu. (Formal)
Chời ơi gia đình hối thúc chuyện cưới xin. Cảm thấy hoang mang 🥶,Lo âu,Công việc,Tôi rất hiểu sự lo ngại của bạn. Hãy thử chia nhỏ vấn đề ra và xử lý từng phần nhé. Bạn không đơn độc đâu. (Formal)
Bản thân chơi game gặp trúng đồng đội toxic. Cảm thấy phát điên 🤬,Tức giận,Giao thông,Hiểu sự bức xúc của bạn luôn! Uống ngụm nước lạnh cho hạ hỏa nào. Đừng để mấy chuyện bực mình làm hỏng ngày vui.
Bản thân thấy crush đi chơi với người khác. Cảm thấy hồi hộp quá 🥲,Lo âu,Công việc,"Hiểu cảm giác của bạn lúc này. Đừng quá tạo áp lực cho bản thân. Bạn đã làm rất tốt rồi, hãy cho mình chút thời gian nghỉ ngơi."
Tôi bài thi được điểm cao. Cảm thấy vui cả ngày kaka =)) kaka,Vui vẻ,Tình cảm,Tuyệt vời quá! Chúc mừng bạn nhé 🎉 Cứ giữ vững phong độ này nha!
