id,text_raw,original_label,predicted_label,original_label_probability,label_quality_score,icon_flag,action,new_label,review_note
4687,"ngoại hình t mập lắm , làm j cũng rón rén , ngại ngùng , chẳng dám chạy nhảy luôn , sợ ngta nhìn đánh giá",that_vong,lo_au,0.014301045,0.04217252,,,,
8554,"per đang định đi chụp , thấy cái này sợ quá đéo đi nữa",that_vong,lo_au,0.015078779,0.043252558,,,,
9051,mũi to cx sợ lắm mặt t ko có nét lúc cx ngại mình cười là mũi to như quả cam tẹt ý thực sự là ngại lắm luôn,buon,lo_au,0.014349506,0.04413882,,,,
2527,Thế giới này thật đáng sợ 🙄,that_vong,lo_au,0.015106842,0.046697915,,,,
7851,"Châu Minh Melina Hosten sợ luôn, lại còn gửi bánh đến đám tang ngta nữa, đ hiểu 🙇",that_vong,lo_au,0.014273558,0.047450304,,,,
7496,khi nào vụ này kết thúc thì mình uống cf trung nguyên trở lại . sợ làm giàu cho cô per lắm .,that_vong,lo_au,0.019390501,0.047994345,,,,
582,có ai 9 năm không dám chụp với ai 1 tấm vì sợ mình xấu ảnh hưởng người chụp cùng chưaa!?,buon,lo_au,0.008388683,0.049211442,,,,
2524,Mong pháp luật xử đúng tội của bọn ác nhân,hy_vong,gian_du,0.0059043877,0.049573272,,,,
5593,Sợ cái nết vậy rồi nên khó thay đổi đc á bạn.,that_vong,lo_au,0.024910098,0.050471425,,,,
8914,"hồi lớp 1 đú theo lũ bạn về học nấu . thế là cơm sống , sợ quá vùi gạo trong đống tro",vui,lo_au,0.011374567,0.051235378,,,,
1770,"Xiêng Mỹ Ngà e 32t rồi, ko có hứng thú vs đàn ông😓 Cảm giác bc vào chuyên yêu đương vs kết hôn là bao nhiêu nỗi sợ hãi bủa vây. Ko bt hết đời có gặp dc ai cho mình cảm giác an toàn ko nưa😭",that_vong,lo_au,0.028235462,0.05598089,,,,
2397,"Sáng nay mình đi kiểm tra lại ở từ dũ , kết quả đây mn ạ Mình xin phép che thông tin cá nhân để tránh phiền phức không đáng có ! Mong mn thông cảm và cùng đồng hành cùng mình Mong mn cùng Like đẩy cmt lên top ạ",lo_au,hy_vong,0.024100527,0.05682832,,,,
3246,sao không cắt móng chân cho em ... nhìn mặt cute mà thấy móng chân em sợ phết,gian_du,lo_au,0.011034466,0.058366388,,,,
358,per đúng là hồi tđ vẫn một rổ cười mỗi ngày ha =)))),hy_vong,vui,0.03867364,0.05856201,,,,
7683,ước gì tao thất tình cũng được giống như mày,that_vong,hy_vong,0.022399591,0.059214592,,,,
6417,nụ cười của crush kích thích vãi :)))))),hy_vong,vui,0.0400995,0.05969113,,,,
857,nhiều lúc muốn mặc đồ giống các bạn mà sợ ngại,hy_vong,lo_au,0.018664813,0.060110807,,,,
9379,các bạn đang bảo con này ah 😂😂😂,trung_tinh,vui,0.025707804,0.0612292,,,,
7201,"mình là con gái k có nhan sắc, mỗi khi đi tiệc đông ng muốn trang điểm, mặc váy, làm tóc nhưng sợ ánh mắt dò xét, sợ bị chê xấu mà còn làm lố. mình chưa bao giờ thấy bản thân mình đẹp",that_vong,lo_au,0.0320292,0.061289877,,,,
2845,Hối hận khi lấy ck hiện tại,that_vong,buon,0.03392423,0.061632574,,,,
7494,@nangoc84 Trước khi chọn lối thoát thì cần biết tự nghiên cứu và nắm đủ kiến thức cần thiết. Kẻo không vào được lối thoát mà là vào mê cung thì cũng tiu.,lo_au,hy_vong,0.016617825,0.06277993,,,,
435,"ye, mặt mụn k trắng nữa, bố cục khuôn mặt thì xấu, cười lúc nào cũng che miệng, mũi thì tẹt khi nhìn chính diện, ai nch gần thấy sợ họ nghĩ vl ấy.",that_vong,lo_au,0.0327062,0.06299466,,,,
3252,ngồi nhiều quá nhìn họ đau mắt,gian_du,buon,0.00806981,0.063774824,,,,
1432,"Tội nghiệp con quá, hôm qua thời tiết thật oi và nóng, mình con bị nhốt trong xe, chắc con đã hoảng sợ, đau lòng quá",buon,lo_au,0.03710373,0.06400508,,,,
244,Bọn này chỉ có tiền chứ lgi có đạo đức hả ban tẩy chay đi mng,hy_vong,gian_du,0.014999612,0.06410214,,,,
1437,trên đời sợ nhất mấy con trùn trùn như ri ! nhất là giun đất với rắn !!! đã từng bỏ tiết học sinh học mổ giun đất 😞😞,that_vong,lo_au,0.029603057,0.064181715,,,,
3717,Nhân Nguyễn vậy khi nhà mày có tan có chuyện buồn mày cũng phải cười nha kể cả khi mặt mày bị ghệ bỏ hay mất ịa cũng phải cười nha Không thôi sợ cười của cải nhà mày bị ăn hết đó,gian_du,lo_au,0.022981407,0.06433123,,,,
9492,per tìm ông bán xoài này ngay cho em 😂😂😂,hy_vong,vui,0.040253017,0.064947784,,,,
7901,hối hận khi cắt tóc mái,that_vong,buon,0.04006036,0.06570092,,,,
9005,nhà tạp hoá đấy hả ... :)))),trung_tinh,vui,0.030256042,0.066060275,,,,
9072,tao không sợ đi làm mệt mỏi tao chỉ sợ không có niềm vui với nó,that_vong,lo_au,0.032088295,0.06644699,,,,
5576,Kim Phượng coi mà khó thở ngang,gian_du,lo_au,0.020892793,0.06679621,,,,
6084,"@nangoc84 Xây kênh online và chia sẻ giúp bạn ngồi một chỗ giao tiếp và tiếp cận hàng trăm ngàn người mà không cần phải gặp gỡ 1-1. Giúp bạn thoát khỏi nỗi sợ đám đông, thoát khỏi giới hạn của tính cách hướng nội",hy_vong,lo_au,0.028289903,0.06704244,,,,
5765,Chắc an toàn nhất😂😂,hy_vong,vui,0.035033453,0.06806463,,,,
53,tự ti giọng nói với mặc cảm 😔,lo_au,buon,0.025364181,0.06845176,,,,
4562,Hối hận rồi cũng chả giải quyết đc j,trung_tinh,buon,0.008459937,0.06937742,,,,
5089,per phim này thấy trailer hấp dẫn ghê 😁,hy_vong,vui,0.038243733,0.070204705,,,,
4862,thứ ngăn cản bn ko phải là bài tập ng iu bn bè nhan sắc ng khác mà là những j mà bn sẽ lm bn chỉ sợ ngt nói trong khi thật ra họ quan tâm bn chỉ là bn sợ,trung_tinh,lo_au,0.030332489,0.07061607,,,,
9711,"Nói sao nhỉ? Em đang cảm thấy rất tiêu cực, vừa khóc và vừa search &quot;Bị áp lực quá phải làm gì&quot; và YouTube recommend video này. Em thực sự cám ơn chị nhiều, sau khi nghe hết video thì em đã không còn khóc nữa... Khi em đang đứng trước nỗi sợ, áp lực, cô đơn vì không ai hiểu mình , thì hình như đâu đấy có người hiểu em, cho em lời khuyên về cách đối diện trực tiếp vấn đề và chịu trách nhiệm cho sự lựa chọn của mình. Em sẽ đặt mục tiêu và cố gắng hơn, cho phép mình nghỉ ngơi nhưng không cho phép mình chây lười. Thực sự cám ơn chị nhiều ạ...",hy_vong,lo_au,0.020317737,0.07171157,,,,
6676,"Chị giang ơi, chị có thể làm về việc phản biện ko chị, mấy đứa bạn thân em hay bắt nạt em mà em cứ nhịn vì em sợ gây mất lòng nhau chị à. Chị có thể giúp e đc ko",hy_vong,lo_au,0.031097358,0.07251486,,,,
1132,hết hồn . sợ quá nhỉ . nhạt !,that_vong,lo_au,0.013071126,0.072741,,,,
47,Em bị tâm lí sợ ra nhưng nơi đông người anh có cách nào khắc phục ko ạ mong anh rep ạ .,hy_vong,lo_au,0.026959218,0.07275435,,,,
6054,sợ vãi linh hồn 😞,that_vong,lo_au,0.03924861,0.07319519,,,,
4808,Thật ra thuyết tiến hóa của Darwin vẫn chưa được các nhà khoa học hay tổ chức nào chứng minh nó tồn tại 100% nhưng vì từ lúc thuyết đó ra đời vẫn chưa có ai có bằng chứng để phủ nhận và cũng có vài điểm hợp lí nên vẫn giữ thuyết đó đến tận bây giờ và các nỗi sợ hay tật xấu được di truyền từ thời tiền sử đến tận bây giờ có thể chưa chính xác :),trung_tinh,lo_au,0.02497683,0.073330075,,,,
4334,tao nhìn thấy thèm 🤣,hy_vong,vui,0.03450789,0.07335389,,,,
1865,t thua cả đứa con nít nữa ám ảnh vãi,buon,lo_au,0.024199408,0.0744417,,,,
1896,Cũng k sợ lắm. K gây cấn nhìu so những phần trc.,that_vong,lo_au,0.022412337,0.07469329,,,,
2729,như kiểu sắp bị hiếp dâm đến nơi vậy . tế sống luôn mấy thg lol 🙂 dcm,lo_au,gian_du,0.025520407,0.07502702,,,,
900,xinh mà còn ngáo nữa thì người yêu mới cưng =)),hy_vong,vui,0.046360392,0.07542986,,,,
7879,Con lạy bố bài thơ nó vô tri lắm,that_vong,gian_du,0.033053543,0.07574457,,,,
3322,"thật, đôi lúc tự tin rồi lúc lại tự ti",lo_au,buon,0.021247275,0.07577607,,,,
3063,crush hôm nay đeo khẩu trag không thấy nó cười mà nhìn mắt dể thương vãi ra 😂,hy_vong,vui,0.050094254,0.076719254,,,,
4793,nhìn ảnh này tao lại thấy buồn nôn,gian_du,buon,0.008120449,0.0767594,,,,
4540,Huỳnh Kim Oanh ng chị hay hút trân châu😌,trung_tinh,vui,0.032391477,0.07754728,,,,
4701,giỏi thật chứ đùa . biểu cảm gần như 90 % chuẩn mẹ rồi . thằng quay và edit cũng ghê luôn . nhảy cũng tốt ra phét chứ -.- ác thật,vui,gian_du,0.013438376,0.08178261,,,,
4931,bạn trai người khác không bao giờ làm tao thất vọng =))))),hy_vong,vui,0.045711506,0.08212623,,,,
2919,tồi vc 😛,gian_du,vui,0.019637873,0.08219737,,,,
1114,rất chuẩn hãy sống làm người cơn luôn luôn co hiểu thảo với cha mẹ của mình nhé moi người ơi,vui,hy_vong,0.04956828,0.082677305,,,,
2075,yêuc nhau một cách tự do . tôn trọng sư riêng tư của nhau,trung_tinh,hy_vong,0.036787804,0.083073765,,,,
6757,"Lúc trước xem thấy mặt bà này nghi nghi k thật rồi, thấy mặt ác ác sao á tính nói mà sợ có ng bênh bả rồi mình bị chửi nên k nói, giờ lộ ra rồi này ,đúng là mình nghi k sai mà",gian_du,lo_au,0.038070466,0.083355725,,,,
8755,"tôi xin nhắc lại , đây là một câu chuyện buồn",that_vong,buon,0.058625713,0.08336848,,,,
2233,"Thật sự lúc đầu còn nhỏ thì em cũng khá mạnh dạn trong giao tiếp nhưng dần dà lớn lên gặp một số vấn đề tâm lý nhất định cộng với việc người lớn bảo cái này không được cái kia không được nên em bắt đầu thu mình lại. Vì vậy ngày càng lớn người nhà em lúc nào cũng bảo em phải vượt qua sợ hãi, phải bản lĩnh lên các thứ tuy nhiên chẳng chỉ dẫn em cách để làm hay là đưa ra một lời khuyên nào cả, chỉ đưa ra một lời nói suông khiến em rất bối rối không biết hiện tại nên làm như thế nào.😔😔",that_vong,lo_au,0.028696606,0.08387864,,,,
5003,gd nội e cũng nhìu cháu nhưng mỗi khi cho tiền e đều lén sợ mấy cháu kia thấy phân bì h muốn cũng không được,buon,lo_au,0.04502568,0.08402851,,,,
989,Hưng Lan khoá fb r thì phải. Có ce nào biết fb của đứa con k. Đánh gì mà dã man thế,that_vong,gian_du,0.033439912,0.084584445,,,,
3373,Xuan Trang Do đ .m nhưng con này xinh thật =)) thề nhìn ngon vcl :V,hy_vong,vui,0.048863538,0.08476326,,,,
2649,"eo ôi thằng nhóc áo xanh cuối cùng , sao này lớn lên chắc là sói ca haha",hy_vong,vui,0.042767853,0.08543193,,,,
7793,k hối hận khi đã làm,trung_tinh,buon,0.020481596,0.08550081,,,,
3125,đã sợ nhện rồi mà gặp thằng admin chơi trò mất nết :((,that_vong,lo_au,0.05172689,0.08670434,,,,
9255,"sao mày không như crush của tao , thuỷ triều lên cũng đéo sợ nhé",that_vong,lo_au,0.03517002,0.08672759,,,,
881,Thương n quá chị ạ e xin chia buồn cùng gia đình mình ạ mong bọn kia sớm bị trừng phạt,hy_vong,buon,0.015266086,0.08710137,,,,
7173,lũ kiến ở nhà mày thích vậy .,trung_tinh,gian_du,0.046142135,0.087964475,,,,
4700,toàn hàng Việt Nam! chất lượng cao,hy_vong,vui,0.035433248,0.08829868,,,,
5211,Mất ngủ xong mất sức nữa cha nội,gian_du,buon,0.01624596,0.08843094,,,,
9453,tại vì e bị tự ti,that_vong,buon,0.04343861,0.090557784,,,,
4641,nhìn gai vãi,gian_du,vui,0.0395655,0.090613246,,,,
7155,Ngta ngồi cạnh mình mà ngại tại vì ko có nhan sắc,buon,lo_au,0.034362532,0.0908508,,,,
8354,giống y như nhà mình lúc đó ba chị e mình mua một hột vịt mà ba chị e ăn một buổi đôi khi ko có gạo nấu mình rất sợ và mình quyết tâm lớn lên cố gắng làm để thoát nghèo e sợ nghèo lắm giờ mình đủ ăn mừng lắm cố gắng nha a chị,hy_vong,lo_au,0.04930759,0.09116146,,,,
6343,tưởng mai đi họp phụ huynh mới bị u ám . ai ngờ hôm nay mới biết điểm anh 9 . 5 thôi đã u ám rồi,that_vong,lo_au,0.045286756,0.09151727,,,,
2026,cầu mong là chỉ là một trò đùa ác ý,hy_vong,gian_du,0.015796922,0.09297514,,,,
1597,đục khoét tuổi thơ vãi )),that_vong,vui,0.027596064,0.09357497,,,,
3503,Cuộc sống ? Thử hỏi xem họ nói tôi họ nói tôi rất nhiều tôi thừa biết rằng tôi bị sao tôi ghét gia đình ghét tất cả lo lắng mệt mỏi muốn chết đi rồi còn j phải lo nx đâu ko còn nghe những lời cay độc ko phải khóc nx,gian_du,lo_au,0.019390015,0.093610495,,,,
9346,Ê cái bà kia 😍,hy_vong,vui,0.047469053,0.09368366,,,,
1853,@Hien2021 Trẻ sợ 1 già sợ 2 Mỗi thời điểm trong cuộc đời con người ta lại có những điểm khác nhau. Cố gắng vượt qua nỗi sợ 👌🏼,hy_vong,lo_au,0.046703503,0.09582338,,,,
7446,"đúng là không sợ địch mạnh , chỉ sợ chỉ huy ngu như bò",gian_du,lo_au,0.04688115,0.09590691,,,,
12,dù có là một đất nước nhỏ trên thế giới nhưng đây là đất nước hạnh phúc❤,vui,hy_vong,0.048459515,0.09683901,,,,
1076,lâu lâu được nghe truyện cổ tích thấy còn niềm tin vào cuộc sống 🤣🤣,hy_vong,vui,0.069245376,0.09688556,,,,
2895,"Tự hào khi là người Việt Nam. Việt Nam muôn năm, Hồ Chí Minh muôn năm tôi yêu VN",hy_vong,vui,0.05896221,0.09689355,,,,
3732,Phạm Song Học đúng.. trách thằng ck nữa mới đã nư.. 🤭,gian_du,vui,0.022527784,0.09706819,,,,
717,tao đi xe máy mỗi lần muốn để xe đi đâu là phi mẹ nó vào quán net gửi đấy rồi đi ra đéo mất phí,trung_tinh,gian_du,0.0146352975,0.09771341,,,,
4957,"Thề luôn t tự ti nhan sắc cực, lúc chụp ảnh kỉ yếu ko dám mặc váy vì sợ bị soi chân ko thẳng, ko cao long chân 🥺 mà mik mặc cũng ko hợp với mặt lắm",buon,lo_au,0.05117326,0.098385274,,,,
3843,mọi người bị sao thế ??? thích chơi với mấy đứa như vầy nè hài hước đi chung cười sấp mặt luôn nhây nhây vầy mới zui chớ ? tự nhiên chửi con nhỏ thấy tội nghiệp 😡,lo_au,gian_du,0.040755022,0.09860706,,,,
1708,"hôm bữa đi ngang qua , thấy hết con mẹ nó hồn",that_vong,lo_au,0.045297712,0.10006881,,,,
6906,@sex thaatj tuyeetj khi cos e🏐 ae mình còn chối đc chứ tk đạt ko chối đc,vui,hy_vong,0.017740993,0.100240976,,,,
6903,💔🥺😔 tỗn thưn,that_vong,buon,0.07521845,0.10041642,,,,
3081,chủ tịch giả làm ăn xin và cái kết . đừng bao giờ coi thường người nghèo,trung_tinh,gian_du,0.034231648,0.10186756,,,,
5337,Ngược chiều ở cao tốc,lo_au,trung_tinh,0.025715563,0.102176964,,,,
1673,"Tôi rất thương yêu động vật , nhưng động vật đó xứng đáng tuyệt chủng",gian_du,vui,0.011138749,0.10233849,,,,
7094,Content thôi :)),trung_tinh,vui,0.03487584,0.102368,,,,
3153,nhớ lắm .. cay mắt lắm ....,gian_du,buon,0.008885755,0.10255018,,,,
7463,mày nhớ đặt bạn ý cho những lần gọi sau nhé !,trung_tinh,hy_vong,0.054618023,0.102930814,,,,
9992,hơn cả bộ phim kinh dị !,lo_au,vui,0.045809574,0.10417336,,,,
8139,"Đợi tin từ 2 anh phi công , mong cả 2 bình an",lo_au,hy_vong,0.014223448,0.10453829,,,,
639,"thương vãi , yêu vãi 😍😍😍 tao cũng thèm có em",hy_vong,vui,0.083321765,0.10499343,,,,
4178,Mong bé mau hồi phục. Thương quá. Gửi năng lượng chữa lành những nỗi đau cho bé sớm khỏe.,hy_vong,buon,0.020949963,0.105718106,,,,
877,"nhiều người nói con này giả ngu câu thích , nhưng xem lại nhiều lần thấy nó ngu thiệt chứ không phải giả bộ",vui,gian_du,0.012588031,0.106493205,,,,
9763,hok có hứng thú quay lại lun 🫠,that_vong,vui,0.025739279,0.107094646,,,,
484,"nhớ lại ngày đó , làm pg bán giấy , cười suốt ngày , khách chửi cũng cười , mà nhớ thời đó ghê , mới 1 , 2 năm chứ mấy",vui,buon,0.02456062,0.107296646,,,,
2672,sai rồi nhá . có những thứ cha mẹ không có nhưng vì con họ vẫn cố gắng để có được nó,that_vong,hy_vong,0.04278383,0.107420534,,,,
5273,per vợ thích bếp ga mini hay loại bếp ga đôi nào 😂😂😂😂,trung_tinh,vui,0.01900974,0.107512474,,,,
4782,@ivankaquynh Làm được nhưng sẽ bạc tóc,lo_au,hy_vong,0.010638689,0.1075775,,,,
9713,Ngọc Trầm Thủy Thượng cay,gian_du,trung_tinh,0.036354337,0.10773638,,,,
8028,"per haha nhiều tiền quá mang đây tao tiêu hộ cho , đóng thuế 10 củ phí quá =))",trung_tinh,vui,0.019612944,0.108015,,,,
7736,đcm ác mộng,lo_au,gian_du,0.060234174,0.10802251,,,,
6115,may quá tao không xài huawei kkk,hy_vong,vui,0.065658115,0.108133495,,,,
509,"Tớ tự ti đôi chân của tớ, vừa đen, vừa to. Tự ti lămmmm",that_vong,buon,0.08268225,0.10844809,,,,
4958,bọn chủ tịch đến chưa chúng mày ?,trung_tinh,gian_du,0.057898503,0.10849923,,,,
2364,5 năm nữa tao phải đẻ được 3 đứa 😂😂😂,hy_vong,vui,0.07449072,0.108908415,,,,
7087,"per thì mấy ông nhậu bắt sạch , còn đâu mà phá hoại",trung_tinh,gian_du,0.04149713,0.108958274,,,,
7059,"thời thanh xuân tôi từng yêu quý nét hiền thục của chị hiền mai . và đúng như cái tên hiền mai của chị , tên và tâm tính đều đẹp , hiếu thảo khó ai bằng . em xin chúc bác có thêm nhiều sức khoẻ để chị có được nhg tháng ngày hạnh phúc , ấm áp bên mẹ ạ .",vui,hy_vong,0.078826636,0.10900742,,,,
9078,t không hối hận!,gian_du,buon,0.017198993,0.10993132,,,,
3453,đáng yêuc quad 🤤🤤🤤,hy_vong,vui,0.04894073,0.109978795,,,,
3794,per nhớ thật sự,trung_tinh,buon,0.025861371,0.11007917,,,,
5019,Tàn canh chuyến này,that_vong,trung_tinh,0.026128367,0.110402375,,,,
92,lm ngày có trăm ngàn thôi mà dọn lòi lol vãi vả cức haizx thật,that_vong,gian_du,0.07850884,0.11058372,,,,
10030,"Phải chi em được thấy video này sớm hơn.<br>Em có tình cảm với bạn kia, bạn đó cũng có tình cảm với em nhưng vì tính nhút nhát mà em đánh mất bạn rồi. Lúc nào em cũng sợ sệt, ngại ngần sợ làm phiền ngta, nhưng bạn luôn chờ em chủ động. Em ko dám làm cgi cả dù em rất muốn. Cảm ơn anh đã chia sẻ video này, e sẽ cố gắng sửa đổi ạ!",hy_vong,lo_au,0.056800332,0.11096084,,,,
2618,ráng đừng ngại,hy_vong,lo_au,0.018650701,0.11124942,,,,
8502,cuộc chiến đấu vẫn còn tiếp diễn,trung_tinh,hy_vong,0.051689833,0.11136842,,,,
9847,ừ t bị ngại giao tiếp ám ảnh vải😭,buon,lo_au,0.073586434,0.11199999,,,,
5223,chuyện buồn quá chúng mày à . tao không dám đọc sợ làm quyết tâm có người yêu của tao lung lay 🙄,that_vong,lo_au,0.05634898,0.11212686,,,,
5176,tao thấy dễ thương màaaa,hy_vong,vui,0.05064476,0.11222607,,,,
2518,chúc đại kỷ nguyên có một buổi tối ấm áp nha ❤️,vui,hy_vong,0.08086336,0.11228031,,,,
5303,Việt Nam cũng đang trên đường giông như Nhật… có khác gì đâu :)),trung_tinh,vui,0.049161512,0.11246681,,,,
2496,"Nhớ bà ngoại quá cảm thấy bất hiếu khi còn nhỏ ở với bà, giờ muốn ở bên bà mãi",hy_vong,buon,0.048087317,0.11308429,,,,
2554,áo phông dễ thương quá anh ơiiii,hy_vong,vui,0.07355981,0.11358926,,,,
2391,Trà My chưa bị bế lên phường là chưa sợ mô...ae yên tâm 😼😼,trung_tinh,lo_au,0.04044162,0.11361611,,,,
8244,bốc phốt khách thế không sợ mất khách à bác ??,trung_tinh,lo_au,0.035454113,0.11382991,,,,
1244,"tao toàn thế giận tao tao dỗi lại , lại phải dỗ tao . hahahaha",gian_du,vui,0.012045923,0.113984376,,,,
942,Nguyễn Hoàng Ngân thôi nhen,gian_du,trung_tinh,0.04719496,0.11426264,,,,
6511,"per bất hạnh thật tao với mày mua bánh ăn chung đi , cóc cần gấu 🤨",that_vong,gian_du,0.0567531,0.11432809,,,,
378,"Cố gắng rồi vẫn thất bại , biết cố gắng đến kho nào haizzzz",that_vong,hy_vong,0.042566456,0.1143688,,,,
6734,Trần Dinh Kini thì cũng tới đó vướng lại rồi đó,that_vong,trung_tinh,0.046016,0.11577839,,,,
5760,con cái nhà ai mà bố mẹ chăm cho đẫy đà ngon ngọt thế,trung_tinh,gian_du,0.025220279,0.11608344,,,,
5519,lại cho lên chơi với các cụ 😌😌😌,trung_tinh,vui,0.029511016,0.11613768,,,,
3632,cứ thấy nó là ăn không còn xác thì lấy gì chúng kịp phá . nhìn thèm ứ chịu được,hy_vong,gian_du,0.019519988,0.11626467,,,,
5726,không phải crush :v nhưng mà nhìn ổng cười mỉm nhìn cute vãi -.-😑😆❤,hy_vong,vui,0.06377249,0.11635512,,,,
10132,Chúc 2 vợ chồng em .và nhửng tình nguyện viên đc nhiều sức khỏe,vui,hy_vong,0.07081953,0.11648524,,,,
3648,An Nguyễn tht á nó mà ra tù hay đồng bọn thấy đc là ah grap mệt nữa,lo_au,gian_du,0.055959478,0.11661965,,,,
313,"Chị ra video khi mà e đang cảm thấy chán nản thực sự. E phải rời bỏ những thứ mà e từng nghĩ nó sẽ là mãi mãi của cuộc đời, có lẽ một điều gì đó mới sẽ chờ đón e...<br>E đã sai rất nhiều rồi và có lẽ đây là sự trừng phạt...",that_vong,hy_vong,0.049599666,0.11663169,,,,
10155,đm lừa đảo hằng năm cả trăm tỉ . giờ phạt có 5 triệu chán vãi,that_vong,gian_du,0.07512643,0.11681235,,,,
7570,Tôi chưa bao gio cảm thấy hối hận,trung_tinh,buon,0.025190275,0.11765057,,,,
148,"mặt to vcl răng xấu cười ko xinh tóc mái bị fail vóc dáng cũng ko đc đẹp, lm j cũng sợ ngta soi mói, chê bai",gian_du,lo_au,0.07364892,0.1182619,,,,
1327,tui vì con tui sẽ ở lại.từng là đứa trẻ...... nên t sẽ dành những thứ tốt đẹp t chưa từng có.,buon,hy_vong,0.053966776,0.11827788,,,,
8961,Truy xét chủ thầu là đơn vị nào,hy_vong,trung_tinh,0.049963117,0.11848858,,,,
1447,cho chúng vào nhà đá ! quá độc ác không giết người bằng súng như thế này là giết hàng loat đấy thât khốn nạn,lo_au,gian_du,0.052407168,0.11860576,,,,
6369,tội em gái đó,gian_du,buon,0.020383386,0.11868191,,,,
3483,Thầu mà làm vậy thì làm ăn xao phát đạt được mong CA bình dương vào cuộc để lấy lại tiền công và giay tờ cho vợ chồng e,that_vong,hy_vong,0.0332603,0.11899549,,,,
549,mày khá là may mắn khi không học tiếng huế đấy =)),hy_vong,vui,0.08466729,0.119347274,,,,
7497,Khoa Duc Nguyen chỉ có 3/ mới thích Trump mà ông,that_vong,trung_tinh,0.041057847,0.11942664,,,,
406,Chịu chết. Cứ phải cho đi bóc vài cuốn lịch mới nhớ. 🤨🤨🤨,that_vong,gian_du,0.05932812,0.11946392,,,,
9352,đang buồn cần 1 người nhắn tin tâm sự hằng đêm,hy_vong,buon,0.013829683,0.11966863,,,,
31,@TvNhinhi Mưa gió cuộc đời tạo nên con ng mạnh mẽ 😬,lo_au,hy_vong,0.026161866,0.119818956,,,,
2291,tiếc cho mối tình ấy ....,that_vong,buon,0.0949859,0.12003887,,,,
2868,"anh luôn nghĩ thế giới này không có gì đáng sợ , cho đến khi anh không còn thấy em nữa",buon,lo_au,0.039582457,0.12032798,,,,
10066,Chúc mừng anh vượt qua,vui,hy_vong,0.056622192,0.12032932,,,,
4689,Trần Tiên chac dzay qua kkkk,trung_tinh,vui,0.06197606,0.12080279,,,,
6026,Ubmttq đâu 🥺,that_vong,buon,0.09368267,0.12111476,,,,
9284,Từ nay t tu k hóng nữaaaaa Dưỡng Sinh Bích Nhung 😹,buon,vui,0.032401424,0.121193975,,,,
9936,Trúc Phương Lê kiện thoi,vui,trung_tinh,0.032401983,0.12176564,,,,
999,"phàm việc quan trọng trong thiên hạ , cứ về hỏi vợ , vợ nói sao cứ làm ngược lại chắc chắc sẽ đúng !",vui,hy_vong,0.049359165,0.12245637,,,,
4458,tao đang chờ xem bà ấy được nghe nhạc ý mà hết video 🤣,hy_vong,vui,0.091304086,0.122551054,,,,
6595,"hăm hở đón nhận tất cả , thậm chí là nỗi buồn , nếu điều ấy khiến việc tồn tại của bạn mang một hương vị đáng nhớ ...",hy_vong,buon,0.027040385,0.12286249,,,,
7618,Đi ngược chiều cao tốc Còn nhận biên bản là may đấy,gian_du,trung_tinh,0.033855144,0.12319484,,,,
7572,"Từ nay về sau, bà 8 Xe Lửa hay Lưỡi Lam gì thì Lu cũng không sợ nữa. Hôm qua Lu còn đảo một vòng xe cho mấy anh công an xem nữa, rồi mấy ảnh sai Lu đi mua đồ nhắm cho mấy ảnh lai rai, cho nên hehe, từ ngày có cái xe, Lu lên chức ... tà lọt cho CA gòi.",vui,lo_au,0.029268453,0.1234214,,,,
3038,"Mạnh mẽ có nhiều cách để hiểu. Đôi khi là mạnh mẽ che giấu cảm xúc của mình, hoặc mạnh mẽ thể hiện cảm xúc của mình. Cũng tùy vao trường hợp, có những người chúng ta sẽ lựa chọn mạnh mẽ theo cách thứ nhất ( có lẽ là những mối quan hệ xã hội không quá quan trọng ), còn có những người chúng ta sẽ lựa chọn mạnh mẽ theo cách thứ 2 ( những người thân, hoặc những người quan trọng )",trung_tinh,hy_vong,0.056075968,0.12357247,,,,
7550,Đối với em thì cách để xả stress nhanh nhất là khóc <br>Khóc là thứ nhanh nhất để xả stress<br>Cứ để nó chảy theo dòng cảm xúc thôi☺☺,trung_tinh,hy_vong,0.029613003,0.12407696,,,,
3705,Làm về bị mất động lực mất phương hướng đi anh,hy_vong,lo_au,0.014837202,0.12430695,,,,
8658,"@nangoc84 rất nhiều người họ chỉ nghĩ tham tiền, nhưng mấy ai nghĩ được như anh Ngọc là vừa tham tiền mà vừa tham tuổi, 😁😁 em chào anh Ngọc nhé ✌️",vui,hy_vong,0.08885704,0.12454584,,,,
1121,thế giới này thật đáng sợ :3 trả đĩa bay cho tôi về đi :3,that_vong,lo_au,0.032625955,0.12463984,,,,
769,"Qua rồi nhìn lại mới thấy ngu . Tiền sài , cơm bưng điều của cha mẹ . Chữ hiếu chưa trả mà như vậy , hết sài... vứt",that_vong,gian_du,0.08399379,0.12482673,,,,
6711,Mơ là vậy tình rồi là khác 😍😍😍😳😳😳😳😂😂😂😂😅😅😅,hy_vong,vui,0.083528645,0.12487379,,,,
3392,"em ngày nhỏ đc dạy là phải nghe lời ng lớn, họ cho phép thì mới làm nên đôi khi muốn làm vc gì đó thì e đều hỏi, ko có ai thì e cx ko chạm vì sợ làm vậy có đúng ko,có sai hay ko, dần r lớn lên em bị vậy lun",buon,lo_au,0.03759116,0.12503779,,,,
7546,Bình An độc toàn thân,gian_du,trung_tinh,0.038437635,0.12510419,,,,
7327,ko cao ko đẹp nhưng ko sao 🥰👍,hy_vong,vui,0.09096311,0.1251938,,,,
9956,thật ra mấy đứa bị chửi nhiều thế này ra đời lại biết cư xử hơn những đứa khác .,trung_tinh,gian_du,0.03239278,0.12589574,,,,
2302,"đọc bình luận không thấy ai khen cute dễ thương đáng yêu này nọ nữa nhỉ một ngày đẹp trời bạn ra ngõ đứng hít không khí , con mèo sẽ kệ mẹ bạn , con chó vẫn sẽ đi đái bậy , nhưng con một lằn này thì đéo , nó phi con mẹ nó ra dí chạy như một con điên",that_vong,gian_du,0.068244934,0.1260677,,,,
6527,điềm báo gì đây,lo_au,trung_tinh,0.02304529,0.12620044,,,,
5516,bể mẹ cái kính cường lực mới dán :#,gian_du,vui,0.03910073,0.126679,,,,
4450,"Mình cũng muốn nói những câu yêu thương với ông bà của mình, nhưng mình không thể",buon,hy_vong,0.06457246,0.12677097,,,,
3784,tai nạn lúc làm việc lấy bánh tại nơi làm việc gửi cho gia đình người mất vcl,buon,gian_du,0.018930418,0.12710875,,,,
985,Embe này yếu đuối quá,that_vong,vui,0.022858512,0.12754676,,,,
587,tại mình thử hết rồi :)) nên cậu nói thế thì mình bình luận thôi :)),trung_tinh,vui,0.033249673,0.12775624,,,,
660,vẫn là chính sách trên giấy tờ,that_vong,trung_tinh,0.032326654,0.12789372,,,,
10033,Ai thắng cũng dc nhưng Trump thì oke hihi,trung_tinh,hy_vong,0.04710482,0.12819713,,,,
4636,Cris Minh Algeria nó theo đạo hồi. Ko đc chuyển giới. Nhiều người là nữ nhưng vẫn tiết nhiều Tetosteron hơn bình thường. Cơ bắp sẽ phát triển mạnh hơn,trung_tinh,hy_vong,0.07433241,0.12831593,,,,
609,thề ở với tụi nó quẩy hết mình tưởng như đã hóa thú,vui,lo_au,0.047922492,0.12879989,,,,
7525,dume tao vừa mất 2 phút nhãm nhất cuộc đời tao 😒😒😒,that_vong,gian_du,0.090844706,0.12894809,,,,
8166,Đúng là không sợ chó.. Thả chó ra cho nó đuổi xem sợ k,gian_du,lo_au,0.079307124,0.12926894,,,,
5322,Đúng r tâm trạng phải lo lắng vậy đi báo CA tội phá hoại tài sản cho nặng kèm ảnh hưởng tâm lý,lo_au,gian_du,0.059962034,0.1294266,,,,
1763,qué là so cute~😍,hy_vong,vui,0.08112196,0.1297077,,,,
10118,đúng rồi nước mình đã thay đổi 😌😌😌,hy_vong,vui,0.06931126,0.13002294,,,,
9810,Chuyện của Hà Nội nhất định phải thế,trung_tinh,vui,0.06982467,0.1304546,,,,
9404,Quá xưng đáng.,that_vong,vui,0.019910887,0.1308676,,,,
5134,liệu có bền lâu,lo_au,trung_tinh,0.03235541,0.13124534,,,,
2400,má đáng yêuc quá dạyyyy ??,hy_vong,vui,0.03119663,0.13192189,,,,
2241,Ông ngoại mất Ông bà nội mất Bà ngoại ko thương ☺️ko một ai thương iem cả trừ ông ngoại @nào có ny đổitên🤡🇻🇳🔥,buon,vui,0.034060054,0.131975,,,,
6696,Vì định mệnh chân ái phóng hỏa đốt nhà xong quên mẹ là có chồng vs con r. Ngộ không🙉🙉🙉...còn j để lói,vui,gian_du,0.0194704,0.13209146,,,,
423,hú hồn chim én :) nào làm ra này chắc cũng ngáo dữ :) chắc add không sợ nhện :),vui,lo_au,0.058219243,0.13223612,,,,
3944,đây là lần cuối cùng các bạn nhìn thấy anh ấy,buon,trung_tinh,0.009831143,0.1323053,,,,
1944,Thời ấy nước nào có dân số đông thì nước ấy mạnh.Quân đội chủ yếu là dùng số đông đánh số ít.mà dân đông thì quân đội đông😊,trung_tinh,hy_vong,0.037601266,0.13255501,,,,
5471,Nhung Nguyen xin hãy tha cho cuộc đời của connnn,lo_au,hy_vong,0.01206904,0.13269198,,,,
4179,Cứ xem những hình ảnh này trong lòng lại thấy nao nao.kí ức ùa về.ôi thèm cái cảm giác ngày xưa,hy_vong,buon,0.020150645,0.13273934,,,,
7073,"Vãi cả l, ông hoàng tư bản à, đ có tí gì gọi là tình người luôn, sợ vcđ",gian_du,lo_au,0.084258154,0.13314044,,,,
1562,làm mấy chuyện dở người để được nó chú ý,hy_vong,gian_du,0.012916392,0.13330439,,,,
7734,"Tùng Vĩnh Long hi vọng có cảnh đấy. Chứ ko là t nghĩ mấy a tự bịa ra. Mấy đứa nhỏ chưa đủ tuổi đi xe sợ mấy a CA bắt thôi, tui hồi nhỏ cũng vậy. Nhưng mấy thành phần anh chị, đua xe, quái xế các kiểu thì hiếm khi thấy mấy a CA đuổi, mà tụi nó ngày nào cũng ầm ầm đường xá.",that_vong,lo_au,0.05275956,0.13334748,,,,
8818,"cái này vừa đúng cũng vừa sai,đúng là vì nếu ông là người mạnh mẽ trước mặt người khác,tự dưng hôm đó ông buồn hay có gì đó làm cảm xúc của ông đi tới tột cùng thì buộc ông phải khóc nhưng ngta ko biết ngta sẽ ngĩ ông là thng mích ướt,nhưng sai là sai ở chỗ,họ không biết con trai cta cũng cần phải dc chia sẻ,phải dc ưuan tâm bởi cta là người thuong xuyen gánh vác trách nhiệm vì cta là đấng nam nhi(kiểu kiều vậy) nên đôi lúc hơi áp lực,như bố tôi 40 tuổi rồi đi làm đôi lúc vẫn hay bị sếp mắng thậm tệ,bố tôi áp lực quá vẫn khóc đấy,nói chung là ông ko có gì phải xấu hổ cả,cứ kệ sự đời đi",buon,hy_vong,0.048237212,0.13348362,,,,
742,"mặc kệ người ta bạn ơi , có tiền mua xe đi thì kệ mẹ thiên hạ",hy_vong,gian_du,0.040937833,0.1335882,,,,
765,"Tuyệt vời! Nhưng cậu bé liều quá, chẳng may lại gặp bọn xấu thì k biết chuyện tồi tệ gì sẽ xảy ra nữa! Mong cháu luôn khỏe, học tập tốt, em cháu sẽ mau hết bệnh để về với cháu!",lo_au,hy_vong,0.018474257,0.13371807,,,,
716,là một thợ chuyên nghiệp thì sẽ bảo ốc này ở đâu ra tôi chắc chắn là đã lắp đầy đủ ❤,vui,hy_vong,0.08905447,0.13386104,,,,
8637,ngại nhất khi phát hiện ra tình yêu vốn ko dành cho mình chỉ vì ko có nhan sắc,buon,lo_au,0.039754715,0.13432801,,,,
10112,Bt là có thể gọn 1 chút chải chuốt thì bản thân sẽ đẹp hơn nhưng việc để 1 quả đầu xù ko quan tâm j và cứ sống bth nó thoải mái,trung_tinh,hy_vong,0.070051864,0.13456663,,,,
1800,trong luật có khung hình phạt xử bắn không ... ghê tởm,hy_vong,gian_du,0.011558409,0.1347149,,,,
6214,hối hận có quay lại đc k,hy_vong,buon,0.04513886,0.13482502,,,,
7640,"Quốc gia hạnh phúc nhất châu á, Đất nước chống dịch tốt thứ 5 châu á",hy_vong,vui,0.07386359,0.13500103,,,,
4519,"cv không áp lực , môi trường xung quanh mới dễ tạo áp lực",that_vong,lo_au,0.08029406,0.13507217,,,,
4696,Khó quá 😢😢😢,that_vong,buon,0.0795278,0.1356054,,,,
462,Sơn Hoàng thế tiền tao đâu,gian_du,trung_tinh,0.06697806,0.13564047,,,,
7987,Nguyễn Văn Hoàng fuckboi mà,gian_du,trung_tinh,0.055226095,0.13566846,,,,
2121,Chị ơi chỉ cách em vượt qua kì thi đi ạ nhất là vượt qua hai môn toán vs anh văn đi ạ,lo_au,hy_vong,0.04266967,0.13580126,,,,
7885,Cuộc Sống Thường Ngày 🍀🍀🍀🍀🍀🍀🍀🍀🍀🍀🍀,trung_tinh,hy_vong,0.038391065,0.1363397,,,,
9399,thương chỉ sợ em không cho anh cơ hội thôi,hy_vong,lo_au,0.015774734,0.13665622,,,,
2058,em hối hận vì họ đối xử tệ với em và e sẽ cho họ hối hận cả đời,gian_du,buon,0.015796985,0.13686907,,,,
533,cũng may tao là một con đàn ông :)),hy_vong,vui,0.103552945,0.13730091,,,,
1863,Chuẩn bị😁,trung_tinh,vui,0.03868392,0.13738453,,,,
4222,Hoa Vu sau uống trà sữa bằng thìa thôi nhể,lo_au,trung_tinh,0.039234973,0.13752618,,,,
7108,nghe câu chuyện mà thương tình cảm anh dành cho em mình thật lớn chúc con moi diều tốt dẹp nhất,vui,hy_vong,0.06497321,0.13778016,,,,
3475,Chị và mọi người ơi! Giúp em với ! <br>Toeic 2 kỹ năng của em khoảng 470 thôi ạ :( . Giờ em phải làm sao trong 6 tháng có thể có đc 5.5 IELTS ? Em mong chị và mọi người chỉ giúp. Em xin cám ơn ạ ^_^.,lo_au,hy_vong,0.04580662,0.13788038,,,,
518,"Hối hận vì k rời bỏ sớm hơn, tới khi mọc sừng mới đau đớn mà buồn",that_vong,buon,0.11438091,0.13789555,,,,
2697,"Giao tiếp kém , không giỏi ăn nói , dễ mất lòng",that_vong,gian_du,0.07840067,0.13823274,,,,
7199,đúng là khổ trước sướng sau thế mới giàu =))),hy_vong,vui,0.072293796,0.13831538,,,,
5994,nhện đéo bằng thằng lằn đâu dume kinhh tởm vll :((,lo_au,gian_du,0.053511437,0.13844839,,,,
6630,"Hồi học mẫu giáo với cấp một tự tin năng động hướng ngoại lắm nhưng lên cấp 2,3 cái trầm tính thành hướng nội luôn tại phải suy nghĩ r k còn vô lo",that_vong,lo_au,0.064263135,0.13886893,,,,
4331,bếp thiiêu chân mày,vui,trung_tinh,0.0370768,0.13893336,,,,
2262,Đặng Phương Nam chắc người ta bênh lúc nó chưa giở thái độ lúc mình xem clip củng thấy xót thật đọc bài này xong có khi bị đánh là vì vậy,that_vong,gian_du,0.07492698,0.13899651,,,,
9980,đổi cả cuộc đời giống người tàn tật để được cái video này .,gian_du,hy_vong,0.012329855,0.139366,,,,
8211,Văn Phúc rũ nhậu mà,vui,trung_tinh,0.054976583,0.13953483,,,,
4582,và ông đã có nỗi buồn mới thay vì buồn thất tình,that_vong,buon,0.10595137,0.13993588,,,,
6092,"mình đã xem rất nhiều video như này rồi , nên thấy cũng bình thường =)))",trung_tinh,vui,0.026487505,0.14025861,,,,
5262,"Nguyễn Khoa thiếu cái thứ quan trọng nhất, ba nhóc vừa là tổng thống vừa là tỉ phú.",that_vong,gian_du,0.07457699,0.14058596,,,,
4871,"Hối hận vì ko làm ra tiền sớm hơn để phụng dưỡng nội,tới khi lo đc thì nội ko còn ,cả dời này t ko bg hết ân hận",that_vong,buon,0.11086831,0.14059487,,,,
3988,úi giời khiếp quá !!!!,lo_au,vui,0.03778311,0.14083156,,,,
3517,Cứ đọc những bài như thế này mà thấy nhiều người quá khổ luôn Từ đó ta hãy chia sẻ những gì có thể đừng có tham sân si nữa mọi người nhé,buon,hy_vong,0.038063362,0.14085448,,,,
3956,Bây giờ mua cứ bắt thanh toán trước mất tiền là lo nhận thôi,that_vong,lo_au,0.07380841,0.14092079,,,,
4525,Pha này vừa đổi ck vừa đổi tên con luôn 🥹🥹🥹,that_vong,vui,0.046380233,0.14135239,,,,
4734,Chiều cao quan trọng hơn nhan sắc ( đối vs con trai 😌 ),trung_tinh,vui,0.033856854,0.14155093,,,,
27,da ngăm mặt mụn răng hô nên mỗi việc cười với bb thôi cũng thấy tự ti,that_vong,buon,0.104287736,0.14159986,,,,
10113,"Mardoll Tee Aitch sao vậy, tôi lại thích nghe tiếng tụng kinh lắm cảm giác nhẹ nhàng và yên bình(?), vì thế nên tôi thích đi chùa như kiểu ngăn cách với mọi áp lực bên ngoài í 🥲",hy_vong,lo_au,0.015450858,0.14162204,,,,
7098,mắt tớ bị lạc nên đi đâu cũng bị chọc nên rất tự ti😔,lo_au,buon,0.06800687,0.14199403,,,,
4354,Hồ Ngọc Hân vậy t đem bọc t cho chó mèo hoang ngồi đg ănn chứ bỏ thì mang tội nếu đồ bé ân dc,hy_vong,gian_du,0.020299973,0.14207277,,,,
1732,t mong nó té quá chời :v,hy_vong,vui,0.03142922,0.14225727,,,,
3739,Nguyễn Hoa giống bênh lx chổ vài trăm ra 5trieu,that_vong,trung_tinh,0.051912244,0.14294153,,,,
5820,nhớ hồi mình làm đồng nghiệp ghê :))),hy_vong,vui,0.04217889,0.14297903,,,,
1279,"răng ko đều, nhiều lông tay lông chân ngại lắm lun ý",buon,lo_au,0.054685816,0.14300442,,,,
6823,yêu làm mẹ gì rồi phải chia tay người ơi,that_vong,gian_du,0.06519048,0.14318436,,,,
1186,"cấp 3 , đáng tiếc nhất trong thời học sinh ^^",that_vong,vui,0.015097756,0.14364591,,,,
1464,nhỏ không học lớn lên làm nhà báo,lo_au,gian_du,0.02399337,0.14367867,,,,
1466,Đẹp mà mắc thiệt,that_vong,vui,0.045370586,0.14434132,,,,
4809,Dung Phung anh chiến oánh cho bây h,lo_au,trung_tinh,0.03993435,0.14477465,,,,
6932,tự ti đến nỗi k dám lm điều mình thích mà chỉ dám lm theo sự chỉ dẫn của ngk😔🤓,lo_au,buon,0.04820838,0.14483541,,,,
3444,"May mà nhanh nhận biên bản, chứ ko nhanh gặp tổ tiên đâya",lo_au,gian_du,0.030515239,0.14523819,,,,
6873,Học trò hay quỷ dữ?,lo_au,gian_du,0.04996487,0.14530337,,,,
2324,"Tỉnh mộng đi chàng trai, đây là cuộc sống thực tế chứ không phải tiểu thuyết hay phim ảnh. Khi đã biết chắc chắn ngta k yêu mình r thì nên tự yêu bản thân mình nhé. Đừng tự nhục",that_vong,hy_vong,0.047926985,0.14552519,,,,
9850,đúng là nói thì dễ hành động không bao giờ làm được ))),that_vong,vui,0.020708665,0.14552972,,,,
9673,Dạng xăng pha nhớt này tai tiếng thế mà vẫn cho thi đấu là lỗi của nhà tổ chức rồi.,that_vong,gian_du,0.10174537,0.1456157,,,,
8915,cảm thấy nhột đít,trung_tinh,vui,0.060072023,0.14576533,,,,
4628,đáng yêu quá . phải thằng trai nhà tao thì nó sẽ nhẩy vào tính ôm luôn cái máy ấy về =)),hy_vong,vui,0.11510605,0.14577675,,,,
1788,"Bây giờ thì em lại nhớ và hâm mô em của ngày xưa <br>Một cô gái rất tự tin ,mạnh dạn,vô tư và hoà đồng.Trái ngược với hiện tại",buon,hy_vong,0.04195029,0.1458768,,,,
4043,mình đây là dân Bình Thuận mình hiểu rõ độ phức tạp của quê mình báo chí nêu rõ tên của tài xế rõ chổ ở của tài xế. chuyến này a chạy Grab khổ rồi . bọn này dây điện cao thế nó còn dám cắt trộm đấy,lo_au,gian_du,0.042089365,0.14619288,,,,
3046,những người em thích đều đi nơi đâu rồi còn con ml bên cạnh song hành,that_vong,hy_vong,0.031452283,0.14643905,,,,
3729,Nếu gặp trường hợp như vậy mình cũng sẽ như ad…,trung_tinh,hy_vong,0.04377183,0.14648056,,,,
1438,Dù sao cuối cuọc đời bé đuọc sống trong vòng tay ấm áp chủ mới Cám ơn chủ mới đã cho em tình thương,vui,hy_vong,0.072408274,0.14725792,,,,
4654,thứ t cần là phim xuân hạ thu đông,hy_vong,trung_tinh,0.056361403,0.14731646,,,,
8568,đáng yêu mà sợ gì,vui,lo_au,0.054056853,0.14736539,,,,
8586,per cái đoạn vén tóc là quen lắm nhá . thích lém ý,hy_vong,trung_tinh,0.0706301,0.14739716,,,,
9616,"cười đấy , sau lưng nó đâm con mẹ nó dao vô hình cho chết mà vẫn sống nhăn răng luôn .",lo_au,gian_du,0.08013913,0.14744902,,,,
5360,Chơi thêd quá tốt rồi. Có cái đấu trường lớn mình tâm lý chiến yếu thôi. Chứ hôm qua mà đánh như hôm nay ăn chắc,hy_vong,gian_du,0.023237105,0.14787436,,,,
9290,ko sợ gì chỉ sợ con ml ý 😞,that_vong,lo_au,0.061968587,0.1479016,,,,
9880,"lúc cụ bà cầm bông như cô gái 18 lần đầu mới yêuc vậy bà ngạc nhiên và hạnh phúc nhìn sâu lắng , video ngắn nhưng cho người xem si nghỉ mải",vui,hy_vong,0.11158099,0.14795604,,,,
6951,"@Hien2021 Không có nỗi sợ, chúng ta khó có thể trưởng thành phải không bạn?",hy_vong,lo_au,0.07769966,0.14801013,,,,
5829,ra đường không cầm theo đá phong thủy rồi,that_vong,trung_tinh,0.05706061,0.14867726,,,,
1578,Trà Nguyễn chủ yếu cũng là muốn con ngồi mát ăn bát vàng ở tương lai. Nhưng thực tế là cho dù học khổ hay ít thế nào tương lai vẫn chủ yếu vất vả.,that_vong,hy_vong,0.06682444,0.14887637,,,,
4787,ừ nhìn rợn thật =]]]],lo_au,vui,0.021449596,0.14909357,,,,
1421,"Mình ko thể nào quên đc cái chết của George O’Malley. Mọi người nên xem Grey’s Anatomy nhaaaa, xuất sắc",buon,vui,0.03002222,0.14918795,,,,
8185,Chúc a an nghỉ sớm siêu thoát,buon,hy_vong,0.081752375,0.149439,,,,
2830,"Khóc thì k có gì sai, ai cũng có cảm xúc, chỉ là theo tư duy nửa cũ nửa mới của tôi thì chỉ nên khóc trước mặt những người mình thấy có thể hiểu và chia sẻ được với lí do mình khóc. Mỗi lần như thế vừa được giải toả, vừa được sẻ chia, vừa được thông cảm thì sẽ làm mình mạnh mẽ với tự tin hơn. Chứ khóc trc đám đông xong bị xỉa xói nghe nó hơi trauma còn bạn gái op thì thôi k bàn, hoặc do bạn ấy chưa đủ trải nghiệm nên tư tưởng vẫn còn stereotype. Còn nếu k có ai thì khóc 1 mình",buon,hy_vong,0.06521881,0.14944354,,,,
2732,Đọc thơ xong thấy thật ngớ ngẩn,that_vong,gian_du,0.051260307,0.14964092,,,,
4825,thiếu cà fe,hy_vong,trung_tinh,0.041783433,0.1497626,,,,
3466,Nhưng lấy vợ nhật luôn là điều ao ước của ae nước ngoài nhất là ae wibu :)),hy_vong,vui,0.12202779,0.15012282,,,,
6395,cậu lái xe nói chưa thấy sai gì . ?? đỗ dưới đường chứ có đỗ vào phòng khách nhà mình đâu mà kêu .,trung_tinh,gian_du,0.07175909,0.1503264,,,,
8591,thấy bản thân mk ở đây,buon,trung_tinh,0.0454706,0.15039167,,,,
7027,sĩ diện không nội mũ và cái kết dắt xe hết mẹ đoạn đường,buon,gian_du,0.013626465,0.15046874,,,,
2881,Hoàng Thiên Ngọc icon này là chưq có nguoi yeu nhé,buon,trung_tinh,0.01610275,0.15066707,,,,
6374,"nhiều mụn da ngăm mắt híp vs xếch lên thêm phần người tớ luôn có mùi khiến tớ tự ti, không muốn đứng cạnh những bạn xinh xắn đồng trang lứa vì sợ phán xét,so sánh của người ngoài kia..",that_vong,lo_au,0.057415027,0.1511598,,,,
10211,Chu Bích Ngọc hút ít thôi nhé,lo_au,trung_tinh,0.022833467,0.15118763,,,,
1952,"vậy thì tao sẽ ước mơ là các nhà thơ đừng bao giờ xài ẩn dụ , chơi chữ :) đã ngu văn còn bắt phân tích thấy mẹ luôn",hy_vong,gian_du,0.035532102,0.15121242,,,,
9448,đăng khoa lê lò dầu của mẹ nè anh 😘😘😘,trung_tinh,vui,0.0345164,0.1512672,,,,
8725,tợ rất tự ti vào nhan sắc lẫn ngoại hình của mình nhưng tớ cảm thấy nụ cười của mình rất đẹp...,vui,buon,0.044049915,0.15131557,,,,
5742,Nguyễn Đạt đơn hàng lớn gần 1 triệu thì phải cẩn thận thôi. Đó là luật chơi. Ko chơi được thì chịu thiệt.,trung_tinh,gian_du,0.046489052,0.15133423,,,,
5954,Thanh Trúc thế a sẽ cho em được mất sức nếu em muốn biết nè.,trung_tinh,hy_vong,0.0749033,0.15136626,,,,
4214,"@Hien2021 ai cũng có nỗi sợ, khi chiến thắng dc thì ta đã vượt qua chính mình",hy_vong,lo_au,0.09268266,0.15144932,,,,
3402,Đang xem liver đá zui đọc bài cái suy ngang 😐,buon,lo_au,0.023635373,0.151467,,,,
4446,Đã dí đơn chưa thôi làm vài trăm ăn tết,vui,gian_du,0.011429197,0.1514737,,,,
10088,không biết nói sao ... nghiện chuẩn mẹ rồi ... crush ợ . mà nó nhẫn tâm lắm hồi trước còn hay call video . từ hôm tao cạo trọc y như là mất tích luôn . chắc phải để tóc mọc lại tao mới dám gọi . 🤭,that_vong,vui,0.032921113,0.15179181,,,,
8795,tao của ngày này năm trước đang ước đừng lấy quỳ tím đem ra thử nghiệm . :(,buon,that_vong,0.09116564,0.15180737,,,,
1981,cầu mong những công ơn sinh thành luôn mạnh khỏe .,vui,hy_vong,0.10418908,0.15183124,,,,
7995,bài toán 2 uero bằng 1 wc còn chưa giải . giờ lại còn thế thì các cháu cùng đường mẹ r . ác vl,that_vong,gian_du,0.10385783,0.15215811,,,,
5340,"Người thì mong cha mẹ sống lâu để báo hiếu, thứ con bất hiếu",that_vong,gian_du,0.10250008,0.15244436,,,,
7891,giống ml em tao hồi n nhỏ vãi . muốn ngủ với mẹ nhưng bị tao nịnh nọt bắt lên ngủ với tao :)),hy_vong,vui,0.11338668,0.15264925,,,,
7342,"Lê Kim Thoa Với các phụ huynh cũng lưu ý, trường tư chắc có lắp cam, có thời gian rảnh chút thì nhìn qua cam lúc đầu giờ sáng, nhìn thấy con thì sẽ yên tâm hơn ạ! Đặc biệt những gia đình cho cháu đi học bằng xe đưa đón!",trung_tinh,hy_vong,0.086383596,0.15273756,,,,
1699,Vãi cả thơ ăn mù tạt cũng thành thơ,that_vong,gian_du,0.098070964,0.15284324,,,,
2988,Mong em thanh thản và về với cõi lành,buon,hy_vong,0.0839738,0.1528543,,,,
3359,tao học nhân sự đây còn đang lo thất nghiệp đây này,that_vong,lo_au,0.09738993,0.15294188,,,,
8960,ông này nội công thâm hậu nhảy lên gẫy cả cây thế là té đít dầm xuống đất . tại hạ bái phục,vui,gian_du,0.035613514,0.15300524,,,,
840,Vậy chứ thời gian sau bình tĩnh lại sẽ Tự hỏi vì sao mình lại yêu người này,buon,hy_vong,0.08256912,0.1530151,,,,
4629,To Hoai Nguyen ốc uống trà sữa phải cẩn thận này mẹ,lo_au,trung_tinh,0.06715447,0.15313342,,,,
6010,Bữa Lào mới tạch con y chag thì phải,that_vong,trung_tinh,0.052370574,0.15314296,,,,
6569,nó bỏ mình đi rồi mỗi lần nghĩ tới nó ôi sao mà xót tim gan hơn mất người yêu,that_vong,buon,0.09219221,0.15329376,,,,
2604,"Nguyen muốn chúng ý thức học cho chúng vui chơi khám phá để biết chúng muốn cần gì ?! Cứ mỗi vùi đầu vào học , nhìn thằng con nhà chị dâu kìa , bố nó khó tính có bắt ép học bằng ông nọ bà kia đâu ?!",that_vong,gian_du,0.09354741,0.15360945,,,,
3812,da ngăm răng ko đều mũi tẹt tự ti tất cả vẻ bề ngoài của mình,that_vong,buon,0.10087458,0.15410453,,,,
4341,"mình không biết phải đi con đường nào, phải làm thế nào để gia đình mình có tiền và trở nên tốt hơn..",buon,hy_vong,0.0629859,0.15423924,,,,
5928,lòng đường không phải nhà cụ nên cụ sai nhé . vỉa hè to vậy rồi cụ còn muốn như thế nào,gian_du,trung_tinh,0.03878579,0.15436807,,,,
1585,mỗi lần quyết tâm bỏ mà lại thấy cười . đm đời,that_vong,gian_du,0.106416635,0.15463692,,,,
8940,ước gì nội mình cũng vậy ..... thì con sẽ thương nội bằng cả trái tim,that_vong,hy_vong,0.057839997,0.1547029,,,,
1538,Chúc e nhiều sức khỏe,vui,hy_vong,0.08134706,0.15477377,,,,
5029,"Đặng Bạch Phát bạn phải đặt mình vào hoàn cảnh của Walt thì mới biết đc, Jane lấy tiền r còn có ý định đe doạ tố ổng bán mai thúy, con thì mới đc sinh lỡ đi tù thì đi toi nên ổng để Jane ch*t là điều ai cx có thể đoán đc.",trung_tinh,gian_du,0.049728166,0.15477577,,,,
5202,"học xong cấp 3 , ngoài mừng vì được thoát khỏi đó thì không hề có lưu luyến 1 chút nào :))))))",hy_vong,vui,0.111682385,0.1551404,,,,
45,Ước gì tôi ko đọc phải tin này .,that_vong,hy_vong,0.068712324,0.1553554,,,,
8907,trai đẹp nó yêu nhâu hết rồi các chế ơi ... tranh thủ quơ được thằng nào quơ đi không thì hết đó kkkk,hy_vong,vui,0.08597709,0.15550855,,,,
1610,Vân Nguyễn hihihi cám ơn bạn nhiều nhé.nhưng mình chưa có gd bạn ơi hihi.chúc bạn cũng mạnh khỏe bình an vui vẻ HP hén,vui,hy_vong,0.12302828,0.15566325,,,,
202,Bảo sao mấy nay cái brand này nó ế dữ điềm báo,that_vong,gian_du,0.09247703,0.15624216,,,,
5125,đề nghị các bạn giữ trật tự trong rạp phim !!!!!!,gian_du,hy_vong,0.018662589,0.15643075,,,,
6746,anh vui thì anh ngồi thôi ... chú cự để mặc anh .,gian_du,hy_vong,0.017154602,0.15646043,,,,
3675,còn đang soạn tin kìaaaa 😬 tới số ròiiii 🫨,lo_au,vui,0.04489102,0.1565044,,,,
3758,"T sống vì tương lai và tình yêu dù là bị tram cam ghét chính mình,",hy_vong,buon,0.017089942,0.15689787,,,,
8851,thề dume đứa nào nghĩ ra cái đoạn kết như kiểu hết phim như này nhàm vãi ra . đang hay thì tụt hứng,that_vong,gian_du,0.07488297,0.15707368,,,,
9265,Nguyễn Hậu vcl sướng?,vui,gian_du,0.03796608,0.15710768,,,,
4303,@july107193 Đôi khi chúng ta cũng phải học cách buông bỏ những thứ không thuộc về mình ấy c ưi,buon,hy_vong,0.07891904,0.157321,,,,
294,mỗi lần coi lại sởn gai ốc,lo_au,buon,0.036090646,0.15737182,,,,
311,Trần Thị Điều rồi vậy là đi giúp bậy à. Có khác gì khi 1 đứa trẻ hư không chịu dạy dỗ mà lại đi nuông chiều. Bởi vậy xã hội càng nhiều kẻ xấu lợi dụng lòng tốt không đúng chỗ như mấy người vậy. Và vô tình bản thân lại đi tiếp tay cho bọn khốn đó bốc lột mấy đứa nhỏ. Tụi nhỏ nó đâu hiểu được rằng mấy chú công an là đang giúp. Tụi nhỏ bị bọn đó nhồi nhét tư duy vào đầu là gặp công an phải tránh xa. Giúp phải giúp đúng thì mới là giúp và cứu người chứ kiểu này thì là hại thêm,that_vong,gian_du,0.09630349,0.1575771,,,,
5498,Thay đổi tương lai tốt hơn được không đừng hối hận quá khứ nữa,hy_vong,buon,0.039719347,0.15761614,,,,
9026,Phi Long tao mua vf8 đợt đầu đây,vui,trung_tinh,0.04122309,0.15837175,,,,
6457,Chào những con ng mắc sai lầm.Còn cơ hội nào cho chúng ta sửa sai hay là cứ chìm đắm trong cái quá khứ đó🥺,that_vong,buon,0.107416086,0.15840349,,,,
4524,"Đùa thế thì có đáng bênh ko? T nghĩ có khi phải nói láo hay thế nào thì mới bị đánh như thế chứ ko đâu lại bị đánh. Này chắc phải xã hội dạy cho mới nên người, nhưng mà xã hội lại bênh thì chịu rồi",that_vong,gian_du,0.097792216,0.15862322,,,,
463,cái ngành tài chính của mình có chỗ dụng võ tốt rồi đây :)))),hy_vong,vui,0.12120264,0.15920806,,,,
9456,"Từng là một người rất nói nhiều, nhưng khi lên lớp 10, mới lên thì cũng bình thường nói rất nhiều, nhưng bị chê xấu , bị các bạn mới nói đã nói r còn tỏ ra nguy hiểm, kể từ đó mik cảm thấy tự tin, các bạn nói đã xấu r còn chảnh nhưng vì các bn làm tổn thương tôi nên tôi trở nên rùi rè sợ hãi tự ti, và k muốn ở gần những ng đã nói và tổn thương tôi,☺️ mới lên lớp 10 gặp cú sốc đầu đời",buon,lo_au,0.08419908,0.15928283,,,,
3330,"Lê Hải Linh B mình trông giống thầy vc, khác mỗi cái mặt",vui,gian_du,0.044669285,0.15939921,,,,
9318,Đoàn Thanh Sơn đau emmm,buon,trung_tinh,0.024250489,0.15949968,,,,
9637,tau cố gắng chỉ được từng này 😦😦,that_vong,hy_vong,0.06489679,0.1595062,,,,
1624,loài dê phải gọi ông này bằng cụ,vui,gian_du,0.036581807,0.15950632,,,,
4281,"ai ở gần đó xin hãy giúp chú , thương chú",buon,hy_vong,0.09026811,0.15977779,,,,
7175,"Khi bạn có một chút, bạn lại ước nhiều hơn. Khi bạn có nhiều hơn, bạn lại ước có nhiều hơn nữa. Khi bạn mất tất cả, bạn mới nhận ra.. Một chút thôi đủ rồi.",buon,hy_vong,0.057997156,0.1601229,,,,
9573,bạn nào cần bạn thân là con trai không :)),trung_tinh,vui,0.10618781,0.16078004,,,,
5392,"🤫😘😋 Ê nói nhỏ nè, hun cái chụt, mlem ghia:)",hy_vong,vui,0.12708841,0.16114733,,,,
1347,nhìn ghét quá ????,gian_du,vui,0.06434123,0.16124567,,,,
2536,công nhận ngầu thật,vui,gian_du,0.020333886,0.161437,,,,
2570,per học hành cho cố vào rồi mần sao như này đi,that_vong,gian_du,0.063320845,0.16157025,,,,
1827,Tội bất hiếu là kh thể chấp nhận dc. Đuổi mẹ 2 đứa con đi,that_vong,gian_du,0.11116329,0.16158235,,,,
8984,to tự ti lắm nên chẳng dám nch nhiều vs mn:((,lo_au,buon,0.08486003,0.16184726,,,,
996,"per đi coi với tao , phim này hay nhất định phải coi",hy_vong,vui,0.09252016,0.16250595,,,,
3534,con này chăm sóc n là n bao đẹp ><,hy_vong,vui,0.093813956,0.1625076,,,,
9975,Nguyễn Nam chưa nghe vụ công an bị trả thù bao giờ à mà chìm vs ko có chìm đi nữa mà để lộ mặt thế kia cũng ko chìm nổi,lo_au,gian_du,0.072613165,0.16284707,,,,
319,Buồn cưòi cái là cứ đi bắt cái con vật xong lại đi thả nó ra 🤭🤭🤭 nhiều ng cũg rảnh thật,gian_du,vui,0.016023593,0.16315746,,,,
6710,Cũng muốn nói nhiều lắm mà hong bic nói gì 🥺,lo_au,buon,0.057530195,0.16348422,,,,
6675,@TvNhinhi Nhìn cảnh yên bình quá nhi ơi trúc nhi cuối tuần an lành nhé,vui,hy_vong,0.12649493,0.16351119,,,,
2398,Ha Thanh trải nghiệm đúng ko.,hy_vong,trung_tinh,0.074869566,0.16376162,,,,
9117,"đâu mới là con đường e muốn đi, đâu la sự lựa chọn đúng đắn cho cuộc đời e qh ?",buon,hy_vong,0.035992537,0.16430095,,,,
739,"Quang Nguyễn bao nhiêu vụ tai nạn đi lùi với quay đầu trên cao tốc rồi mà vẫn k sợ . Này bằng học hay bằng mua kbit , cứ bảo lsao đàn ông hay chửi đàn bà lái xe , k bênh nổi a ạ 😑",gian_du,lo_au,0.11552265,0.1645732,,,,
4776,cảm ơn các anh tình nguyện viên .,vui,hy_vong,0.115448914,0.16478729,,,,
5555,a k bao giờ hối hận vì a đã cố gắng hết mình rồi.,vui,buon,0.016889289,0.1648072,,,,
2304,hhaahhaah ! t đã may mắn như thế 😂,hy_vong,vui,0.11930401,0.16493216,,,,
9569,"toan cao lại nữa , tao dg suy nghĩ có nên đi bằng grap về không",trung_tinh,lo_au,0.04251367,0.16497958,,,,
3249,trong đời người sướng nhất là không phải hối hận điều gì.,trung_tinh,buon,0.042173363,0.16507953,,,,
7994,Chơi thì chịu chứ có đánh phạm loi đâu mà trách với móc,trung_tinh,gian_du,0.053267777,0.16516134,,,,
2102,"Chắc không đến mức hối hận cả đời, vì t dần vượt qua rồi. Tôi luôn trách mình tại sao buổi đi chơi cuối cùng với tình đầu lại không ở lại lâu hơn. Hôm đó em năn nỉ đi chơi với ẻm lâu hơn chút vì mai em vào Nam học đại học. Tôi thì sợ đi muộn về bố mẹ mắng nên nhất quyết đòi về đúng giờ. Sau khi vào nam, yêu xa 2 tháng thì bọn tôi chia tay. Nếu biết đó là lần cuối bên cạnh nhau thì tôi đã không tiếc ở lại với em, ôm hôn em nhiều hơn.",buon,lo_au,0.08807176,0.16529197,,,,
9983,"đúng ròi á,cứ ngủ dậy là kiểu cảm giác cứ nhớ nhớ ai đấy mà không biết nhớ ai,với cả nó cứ bị kiểu khó tả lam sao ý",buon,lo_au,0.068743005,0.1656991,,,,
6811,"Đúng luôn,gái ơi.tau nợ 10 cái bánh mỳ bate chưa trả,trả hộ cái.🤣🤣🤣",hy_vong,vui,0.09275713,0.16575232,,,,
2135,Lại là hà lỗi phải ko ?,that_vong,trung_tinh,0.05421994,0.16588494,,,,
1126,"trong 1 lần tao được mẹ cho về quê ngoại , nó nhìn tao - tao nhìn nó - và dume đầu tao chôm bôm . cđ đó dữ vãi ! sao nó không đi thi đai đen cấp quốc gia cmnl đi chứ võ công cao cường như vậy mà ở vùng qê hẻo lánh thì thật là phí của giời !!!!",lo_au,gian_du,0.046178635,0.16589063,,,,
10243,nhìn nữa sao . hỏng yêu đi . cho doi . vui vẻ,vui,hy_vong,0.116610534,0.16642126,,,,
2921,"Nguyễn Quỳnh Duyên mới đọc rồi, có cả thông tin tang lễ bệnh viện r",buon,lo_au,0.012405583,0.16654822,,,,
3030,Quan trọng là nó chưa biết mình sai ở đâu a à,that_vong,trung_tinh,0.058668464,0.16659713,,,,
2690,Phan MyHạnh Phan cho ăn trân châu bằng muỗng thôi,lo_au,trung_tinh,0.037433285,0.16693631,,,,
8117,"Buông bỏ,mấy năm sau nhìn lại thấy nó khoẻ gì đâu,cho thêm tiền cũng ko dám quay lại con đường đau khổ này!Qt là ai có đủ bản lĩnh để buông..😊",vui,hy_vong,0.021910068,0.16731325,,,,
9961,Thương e quá! Hi vọng tất cả nơi mẹ còn nhà trường và chủ nhiệm tệ hại quá!,that_vong,buon,0.12608063,0.16732758,,,,
2472,Mong pháp luật chừng trị bịn ác thú ấy,hy_vong,gian_du,0.024357151,0.16789171,,,,
2105,cắt như anh này gọn gàng thoáng mát nhé auto đẹp trai,trung_tinh,vui,0.024333678,0.16804376,,,,
8421,Văn Hoàng Long Tây môn Khánh bạn hay và hấp dẫn,vui,trung_tinh,0.08715455,0.16804501,,,,
8382,bếp dầu lại nhớ thời sinh viên,trung_tinh,buon,0.03268284,0.16805363,,,,
1085,cho tao hỏi mấy con súc vật tụi bây cười cái gì dzậy ? chắc tụi mày phải bị gậy vụt vào mõm thì mới hết dám ngẩng mặt nhìn đời phải không ?,gian_du,lo_au,0.098509364,0.16821525,,,,
9455,Chào thầy thầy,trung_tinh,vui,0.09895178,0.16821736,,,,
9001,tội cho chàng trai ấy,that_vong,buon,0.11111082,0.16822603,,,,
6058,"Phụ nữ 1 khi đã ko thích thì b có cố đến mấy cũng ko làm lay động đc đâu, thậm chí còn làm ng ta khó chịu và ghét b thêm ý,nếu duyên thật sự đã hết thì nên chia tay trong êm đẹp và vv ,níu kéo thì chỉ có mink b là ng khổ đau mà thôi,quên đi 1 time rồi cũng sẽ có 1 mối quan hệ mới thôi, hãy nhớ&quot; buông bỏ&quot; cũng là cách để chúng ta trưởng thành hơn.",gian_du,hy_vong,0.019266628,0.16838509,,,,
5269,Hèn gì tính nóng như kem đụng là trụng kk,gian_du,vui,0.017778954,0.16840279,,,,
5537,Ngọc Dung cãi lỗ tầy quầy lun 🐧,gian_du,vui,0.0730153,0.16851288,,,,
279,Ám ảnh cả cuộc đời,buon,lo_au,0.069282316,0.16870299,,,,
7758,nam mô bổn sư thích ca mâu Ni Phật nam mô bổn sư thích ca mâu Ni Phật nam mô bổn sư thích ca mâu Ni Phật tại sao có hoàn cảnh như vậy trời,buon,hy_vong,0.019657467,0.16872555,,,,
5495,Chuẩn Nhưng tìm đâu ra,that_vong,trung_tinh,0.04540639,0.16886365,,,,
9728,"mỗi ngày đi làm về , tôi không vội vào thang ngay mà thường ngồi sảnh tầm 20p chỉ để ngắm gái xinh cùng tòa 😆.",hy_vong,vui,0.11918619,0.16909522,,,,
7723,"Haizz. Nhiều khi đấy cũng là 1 kiểu may mắn. Những bạn ở nghệ an thanh hoá hay miền núi cũng chẳng đc đi học thêm, vẫn đỗ cao, thậm chí còn nghèo đến cơm k đủ ăn.",hy_vong,that_vong,0.042636655,0.1690988,,,,
1198,Phấn đầu lời bác hồ dạy. Sánh vai các cường quốc 5 châu.,hy_vong,trung_tinh,0.025029885,0.16926917,,,,
7424,ý tưởng thông minh đó con,vui,trung_tinh,0.061404787,0.16930512,,,,
9541,"cạn lời , mình ngủ để khỏi nhìn",gian_du,hy_vong,0.015149157,0.16937855,,,,
9018,"còn những người bình thường rất dữ , thật ra họ hiền lắm , nội tâm lắm",trung_tinh,buon,0.011660329,0.16962126,,,,
8579,"Cách trở nên tự tin trong mọi việc . <br>- Có nhiều việc trong cuộc sống này mà bản thân khó đưa ra được những quyết định và phần lớn cũng đến từ sự tự ti , rụt rè , đăn đo không biết có nên làm hay không những câu hỏi đó sẽ luôn chạy trong đầu chúng ta gây cho và không thể đưa ra quyết định thì gây cho chúng ta cảm giác áp lực rồi sẽ tự ti . Dưới đây sẽ là những cách giúp chúng ta tự tin hơn và ra được những quyết định đúng đắn . <br>1 . Hiểu rõ vai trò và quyền lợi của mình trong một môi trường hay công việc nào đó .<br>2 . Hỏi . <br>3 . Quan sát và xác nhận . <br>4 . Đừng cố vượt qua sự rụt rè . <br>- Cảm ơn anh Khương về những bài học này ý nghĩa này . 😍",trung_tinh,hy_vong,0.086479604,0.16970491,,,,
538,Lũ trời đánh,lo_au,gian_du,0.028678594,0.16996998,,,,
10242,"aaaaa con nhện 😨 "" aaaaaaa con ế !"" - nhện said",lo_au,vui,0.04138821,0.17008117,,,,
4718,"Nghe câu chuyện của Bé cảm thấy buồn quá, mình rất mừng khi bé đã được người xin nhận nuôi, nhưng mình nghĩ những bé có bệnh và sức khỏe quá yếu như vậy, em nên giữ lại để chăm sóc sẽ được tốt hơn cho Bé.👍❤🐕💐",buon,hy_vong,0.09531598,0.17041183,,,,
2108,sao lại có chuyện vô lý như vậy được chứ 😠. rồi bé nhỏ sẽ như thế nào khi chứng kiến bố nó bị đâm ngay trước mặt nó . nghĩ đã không dám nghĩ tới rồi thấy thương bé quá .,lo_au,gian_du,0.06142941,0.17086768,,,,
6763,lại khiển trách kiểm điểm rút kinh nghiệm nữa ah,gian_du,lo_au,0.098964565,0.17095709,,,,
9937,Katy Katy buồn tới nỗi bỏ phim lun c nhỉ,that_vong,buon,0.12482026,0.17103559,,,,
436,cảm ơn chi nhiều! Video của chị luôn xuất hiện nay mà lúc em đang thất vọng về bản thân! đến lúc em phải tự trách nhiệm vè bản thân rồi!,that_vong,hy_vong,0.027793799,0.17123514,,,,
7088,Phong Nguyen giáo sư có cách nào chống hack k,hy_vong,trung_tinh,0.08169883,0.17148018,,,,
5032,hối hận gì nghĩ ng iu thương mình.. nhưng ko họ thương ai đó ko fai mình....,that_vong,buon,0.10302924,0.17161292,,,,
4081,😍😍😍😘,hy_vong,vui,0.084016114,0.17168522,,,,
9555,Chúc mừng bạn số có phước trời thương phật độ,vui,hy_vong,0.051826265,0.17197227,,,,
6122,Nhớ đời lun,trung_tinh,buon,0.04800251,0.17212248,,,,
3261,Báo tới,gian_du,trung_tinh,0.086797215,0.17213523,,,,
671,"giận lại làm gì , cứ để cho anh yêu thời gian thoải mái . khi nào thấy ổn sẽ tự động xuất hiện còn không xuất hiện nữa thì tự hiểu = ))",vui,hy_vong,0.11147009,0.17224255,,,,
8823,cười thôi đã thấy tự ti rồi:),vui,buon,0.047903754,0.17226079,,,,
3273,Nguyễn Văn Mến phải xem b ah,hy_vong,trung_tinh,0.08997886,0.17232239,,,,
3152,trước gầy giả gái xinh . giờ béo lên ông mặc cái váy như tra tấn cái váy .,that_vong,gian_du,0.08839419,0.17241877,,,,
6486,Quá mệt với bản thân rồi 🥺,that_vong,buon,0.13439421,0.1732625,,,,
3614,vàng chắng bây giờ thành chắng tay ! em bình phước đây ! em hiểu cái này hơn các bác nhiều đó !,that_vong,hy_vong,0.05458501,0.1732924,,,,
7385,"Lúc 7 tuổi, nghe tin me sanh em bé cũng đi bộ 4km 1 mình để thăm mẹ và em. Mà ko ai hay biết",vui,buon,0.035715945,0.173417,,,,
8839,tao bị quỳ cột cờ mới ác . cả trường biết mặt luôn . nhục vãi,buon,gian_du,0.020235753,0.1734198,,,,
8094,Diệp Hoàng Dương có thứ khác che mắt r bạn 🥹,that_vong,gian_du,0.0592919,0.17356241,,,,
227,chưa 1 lần vấn vương thời c3 =)),trung_tinh,vui,0.043381307,0.1736452,,,,
5802,96er. để dành đc gần 100tr và đã dùng hết để đi du học. K biết có phải quyết định đúng đắn k,lo_au,hy_vong,0.045554414,0.1737994,,,,
2260,ăn học bao nhiêu năm rồi mà vẫn ngu,that_vong,gian_du,0.12257991,0.17392552,,,,
5564,đeo ktrang lm t tự tin hơn khi nc,hy_vong,buon,0.041117366,0.17393678,,,,
2728,Cũng rung dữ lắm,lo_au,vui,0.06009389,0.17408016,,,,
7727,gặp được em nhưng sẽ chỉ quan tâm và bảo vệ em từ xa,that_vong,hy_vong,0.045797937,0.17436069,,,,
5173,Khi đó Đại việt bị bên bắc chèn chép k cho phát triển mạnh nêu không chưa chắc Campuchia thời đó rộng ngư vậy,trung_tinh,gian_du,0.055360377,0.17443419,,,,
7339,thế mới bảo . chủ động riết rồi nó xem thường,that_vong,trung_tinh,0.061545257,0.17478415,,,,
4436,nhìn kinh,gian_du,trung_tinh,0.030065026,0.17505896,,,,
498,1 tuần sau giải dubai của cr7 sáng lập sẽ tuyên bố trao siêu bóng vàng dubai cho a7 ngay.,vui,hy_vong,0.10315043,0.1751068,,,,
7749,"Thực lực VN đến thế là mừng rồi. Hàn, China, đài loan là đội mạnh",hy_vong,gian_du,0.012853742,0.17550111,,,,
8709,Tui bị khổ tâm tột độ tốp 1<br> tất cả chúng sinh,lo_au,buon,0.05309874,0.17550409,,,,
1183,Gần 30 rồi,lo_au,trung_tinh,0.026563464,0.17572248,,,,
10170,thần tài cho chủ cửa hàng bán vàng chứ thần tài gì mình đâu,that_vong,gian_du,0.06605374,0.17573714,,,,
4745,có hai vị tướng top 10 thế giới và. 2 danh nhân văn hoá thế giới và 1 người từ chối nobel hoà bình,vui,trung_tinh,0.07515911,0.17586175,,,,
2355,😬👍,lo_au,vui,0.038750082,0.17594421,,,,
8589,"đối với tao , đã làm thì không hối hận 😌😌",vui,buon,0.0292927,0.2051419,label_theo_icon_pos,,,
8423,cao quá cũng khổ chứ sung sướng đéo gì 😓,gian_du,that_vong,0.10390445,0.22568169,label_theo_icon_neg,,,
2761,Ko hối hận với những gì mình đã chọn😌,hy_vong,buon,0.12064527,0.22860062,label_theo_icon_pos,,,
3430,🙄😥,gian_du,buon,0.043854292,0.31409124,icon_only,remove,,
4852,ngại nói lắm 🥺 vì cứ có cảm giác chú ý đến tâm trạng ng khác không mấy vui vẻ lắm...,lo_au,buon,0.19479164,0.31639612,label_theo_icon_neg,,,
4502,Không có nhan sắc nhưng vẫn tự tin 🤩,vui,hy_vong,0.35135025,0.3849022,label_theo_icon_pos,,,
4994,troi oi plsss làm ơn moonbin vui vẻ lắm mà 🥺 công ty đâu rồii,that_vong,buon,0.25546032,0.42931738,label_theo_icon_neg,,,
1817,Tôi không hối hận về những thứ tôi đã làm.😊,vui,hy_vong,0.2731259,0.45897233,label_theo_icon_pos,,,
4588,"Cám ơn c . E mới phát hiện ra bệnh ngày hôm qua và e cũng khá tiêu cực . E cũng nghĩ đến kết quả xấu nhất , rồi cũng khóc. Nhưng đúng như c nói, e đã dậy, ra ngoài ăn uống, chơi cùng con e , nằm trong vòng tay ck e ngủ 1 giấc. Sáng nay e vẫn bắt đầu 1 ngày mới bằng cách viết ra những gì mình phải làm để điều trị bệnh của mình. Và e đã hoàn thành mọi việc phải làm hôm nay. Tối nay chỉ còn việc sắp xếp cữ thuốc mai mình phải uống và những công việc mai mình phải làm . Cám ơn c nhiều 🥰",hy_vong,lo_au,0.25381973,0.48408186,label_theo_icon_pos,,,
1539,Trán cao tự ti thật 😊,vui,vui,0.40635353,0.52422374,label_theo_icon_pos,,,
4790,Các bạn nghĩ sao nếu 1 người đàn bà 30tuổi có 1 đứa con 6tuổi (1 bà mẹ đơn thân ) mà hiện tại đang có 1 cái bụng bầu với người yêu cũ và người đó đang có gia đình khá hạnh phúc. Mình chỉ cần 1 lời khuyên là nên giữ hay bỏ cái thai di nhiên là thu nhập của mình Ko đc ổn định và người đó cũng khuyên mình hãy bỏ đứa bé vì anh ta muốn bảo vệ hạnh phúc gia đình mình .😣,that_vong,that_vong,0.3287543,0.5495113,label_theo_icon_neg,,,
8840,năm nay tao không còn cảm thấy cô đơn và mỏi chân nữa ... vì tao được ngồi mát và ăn ké socola of bọn có người yêu 😁😂...# mun 😘,vui,vui,0.5592646,0.6053251,label_theo_icon_pos,,,
8905,bạn oi đừng tự ti hay xấu hổ cần tài năng thou 😊,hy_vong,hy_vong,0.5760439,0.6384522,label_theo_icon_pos,,,
2528,🥰🥰,vui,vui,0.5468267,0.6593263,icon_only,remove,,
4494,😥,buon,buon,0.5491125,0.68370724,icon_only,remove,,
7503,🤩,vui,vui,0.62392217,0.7098878,icon_only,remove,,
7141,Tiếc cho hồi nhỏ chiệu nghe lời hơn và ham học hơn thì có thể làm cho Mẹ vuii trc khi rời đi😢😓,buon,buon,0.6470159,0.7145096,label_theo_icon_neg,,,
6039,"Đâu phải cứ là nhớ mới đặt tên đâu ,thấy có đứa nó thù ,nó ghét nó mới đặt tên con nó bằng tên NYC ,kiểu cái tên nyc chỉ đáng làm con tôi ,cho nên ở quê các cụ dặn tránh đặt tên con trùng tên các cụ ở quê 😁",vui,vui,0.68165904,0.719303,label_theo_icon_pos,,,
5091,tại sai bạn lại tự ti nhỉ mỗi người có một vẻ đẹp riêng biệt chỉ là bạn chưa tìm ra nó thôi b rất đẹp cho nên cứ tự tin lên💞,hy_vong,hy_vong,0.6346609,0.72361934,label_theo_icon_pos,,,
6489,Moi chuyen dk sắp đặt cả rồi ko việc gì phải hối hận cả 😊,hy_vong,hy_vong,0.65594953,0.7397877,label_theo_icon_pos,,,
2007,tự tin lên nào các bạn ơi 💗,hy_vong,hy_vong,0.7099543,0.7439312,label_theo_icon_pos,,,
8443,dù ko đẹp xuất sắc nhưng tôi luôn tự tin😁,hy_vong,hy_vong,0.71015525,0.74475694,label_theo_icon_pos,,,
7000,mặt ô kia khát nước nhìn buồn cườ thế 😂😂,vui,vui,0.63792306,0.75811636,label_theo_icon_pos,,,
5434,😢,buon,buon,0.66085106,0.7612322,icon_only,remove,,
1781,mình tự ti lắm mình cũng mún đc khen xinh😌,hy_vong,hy_vong,0.6817878,0.76317835,label_theo_icon_pos,,,
3321,"ngày xưa mình cũng khá tự ti vs bản thân, và gòi mình gặp anh ấy.Mình ko quên anh nhưng anh đã ăn ủi mình rất nhìu, giờ thì mình hết tự tí gòi. Các bạn cũng z nha! Ai cũng xinh hết á❤️",hy_vong,hy_vong,0.6553735,0.7633188,label_theo_icon_pos,,,
3569,"""bạn chỉ xấu khi bạn nghĩ bạn xấu"" cha mẹ sinh ra ngũ quan lành lặn là mừng r 😌 t cx có đẹp đẽ j đâu nhưng vẫn vô tư thôi, sao phải tự ti chứ",hy_vong,hy_vong,0.6537762,0.77432036,label_theo_icon_pos,,,
8651,hai lần đi sai hai bước ngoặt nhưng không bao giờ hối hận do con đường mình chọn😊😊😊,hy_vong,hy_vong,0.72545755,0.7780744,label_theo_icon_pos,,,
10041,"Xem phim để tự nhắc bản thân không thể giống Thuận. Nhưng trẻ con thì rất ít bạn biết tự giác, nên vẫn cần nhắc nhở. Mà giờ phải học cả cách nhắc con học khéo léo, học cách làm bạn với con để con ngồi vào bàn học mà vẫn vui vẻ. Làm cha mẹ giờ khó thật 😞",that_vong,that_vong,0.67259777,0.7850771,label_theo_icon_neg,,,
8887,tự ti con cặc gì mình đẹp chỗ nào thì mình bt đứa nào chê thì chắc chắc nó đang ghen tị nhan sắc trời ban của mình nên đừng tự ti làm gì nhé😁😁,hy_vong,hy_vong,0.7749798,0.8064261,label_theo_icon_pos,,,
2428,chẳng có ai là hoàn toàn hoàn hảo hết nên là các cậu tự tin lên nhaa💗🫂,hy_vong,hy_vong,0.78152996,0.8186922,label_theo_icon_pos,,,
8972,t định thả sad nhưng đọc bình luận buồn cười vailon 😂 nên thả hahaa :v,vui,vui,0.7870609,0.8191538,label_theo_icon_pos,,,
7959,ngoại hình nhan sắc dù tui ko đẹp nhưng đc cái hát hay đỡ tự ti mn cố tìm điểm nổi bật của mình nha😋,hy_vong,hy_vong,0.7845534,0.8204881,label_theo_icon_pos,,,
5712,😂😅,vui,vui,0.7333462,0.824424,icon_only,remove,,
1958,Ốc càng to thì độ lo lắng càng cao 😂😂,vui,vui,0.750646,0.83702815,label_theo_icon_pos,,,
4278,Tự tin lên nhé các nàng còn nhiều ng muốn như mình còn chả được kia kìa🥰🥰,hy_vong,hy_vong,0.81169695,0.8378918,label_theo_icon_pos,,,
3191,Tôi chỉ hối hận rằng k đủ điều kiện cho vợ tốt hơn thôi. Còn lại mọi thứ đều ổn với c/s tôi😎,hy_vong,hy_vong,0.7838739,0.8468981,label_theo_icon_pos,,,
8892,Xin lỗi chuyện buồn mà mình mắc cười quá 🤣🤣🤣 kiểu xin cám ơn anh trai đã hốt vợ e đi dzùm. Xin cảm ơn,vui,vui,0.79678553,0.84987307,label_theo_icon_pos,,,
6524,"t ko thấy tự ti lắm á mặc dù t mũi tẹt, môi mỏng, mặt cx ko xinh lắm, t tự tin lém t cx hay bị mng trêu là con mũi tẹt nhưng t tự nhủ có tiền rồi mình đi nâng 😊",hy_vong,hy_vong,0.79257214,0.86040246,label_theo_icon_pos,,,
1522,"Ai cx có 1 nét đẹp riêng, phong cách riêng của bản thân mà nên là cứ tự tin lên nha😊🌷",hy_vong,hy_vong,0.84040785,0.8681204,label_theo_icon_pos,,,
6668,"Sinh ra là con gái ai cũng là 1 đoá hoa, có vẻ đẹp riêng 🥰nên là hãy tự tin lên. T bị bodyshaming nhiều lần r, nma h t tự tin hơn.",hy_vong,hy_vong,0.8243109,0.8717036,label_theo_icon_pos,,,
5697,Chỉ cần một nụ cười tự tin mọi chuyện sẽ vượt qua😜,hy_vong,hy_vong,0.8486347,0.8806306,label_theo_icon_pos,,,
1393,quả nhiên chồng con nhà người ta đéo bao giờ làm tao thất vọng 😄,vui,vui,0.85115653,0.9017091,label_theo_icon_pos,,,
5604,"Không có gì ngại hết ák, cứ tự tin sống lạc quan đi nhák🙃",hy_vong,hy_vong,0.84818137,0.9027917,label_theo_icon_pos,,,
293,rất hay.cty HDM và QL chỉ biết khóc lạy mẹ tha cho con.😅,vui,vui,0.8704487,0.910933,label_theo_icon_pos,,,
7287,"Thôii nào mấy c ơiii , tự tin lên nhee . Kh ai là xấu cả , ccau biết chăm chút bản thân 1 xí thôi thì cũng sẽ xinh đẹp lên rất nhiều 💗",hy_vong,hy_vong,0.8752968,0.91418046,label_theo_icon_pos,,,
8848,"có tài nhưng đôi lúc muốn làm diễn viên hài 🤣🤣🤣, khoái thanh niên này buồn cười vkl",vui,vui,0.8928119,0.9212706,label_theo_icon_pos,,,
7905,"cuộc sống này là của mình sống sao cho tốt đời họ soi thì kệ họ, ko quen bt j nhau nên chả j phải tự ti rồi họ cũng quên bạn thôi, nên vô tư đi😁",hy_vong,hy_vong,0.89115334,0.92205405,label_theo_icon_pos,,,
5793,"cuộc sống của chúng ta có quyền thì chúng ta cứ sống thôi, không cần phải nhan sắc cũng có thể làm việc tốt, tự tin lên nhé bạn 😇😌",hy_vong,hy_vong,0.9158928,0.9410732,label_theo_icon_pos,,,
